"L.A.B. - Operator.mp3",AaF1HMUSjUI,4838
"Lara Andallo - 180 (feat. Lil Spacely).mp3",tUjdCRFy6Xc,12876
"Lara Andallo - Said&Done.mp3",xRlH8e8AS-g,7675
"Stephanie Poetri - I Love You 3000.mp3",tEnT5x4ow5I,16709554
"88-Keys - That's Life (feat. Mac Miller & Sia).mp3",RudMS3Wj3Q4,1314803
"Mac Miller - Hand Me Downs.mp3",ch61FWw3XYY,10211143
"E^ST - TALK DEEP.mp3",B1BKRF7-hfQ,73083
"Ali Gatie - It's You.mp3",7pG5vQpQP5c,70702827
"Hayley Kiyoko - She.mp3",7QhhQEeU_VE,264333
"Alec Benjamin - Oh My God.mp3",tZaPNFUuJPA,4187814
"Wafia - Flowers & Superpowers.mp3",fPmIuaIcYOA,62033
"Stephanie Poetri - Do You Love Me.mp3",CdUf82XTPXw,426299
"The Marías - Care For You.mp3",UYqv0-sKsWw,859539
"Vetta Borne - Beyoncé.mp3",Z-p0W8DTs6c,2400
"Priya Ragu - Good Love 2.0.mp3",KMoLdcsRa2k,196897
"Parson James - High Tide, Low Tide.mp3",QlPVVj-SiLU,35548
"Julia Stone - Unreal.mp3",j84lXb9EEmI,4866
"Chase Zera - Saving Bugs - Stripped Back.mp3",jBeMWA454Z8,49
"E^ST - WALKING HOME IN THE RAIN.mp3",lgMcueUCkTw,8630
"Chet Faker - Low.mp3",TbGwNlJLaB0,2302572
"Griff, HONNE - 1,000,000 X Better.mp3",B35R7CsQnhQ,1170175
"Joji, BENEE - Afterthought.mp3",02V-8cZ8xo4,8011927
"JC Stewart - Rest Of My Life.mp3",eEnJylgUTd8,81668
"Lara Andallo - On My Mind.mp3",YBpIW4_-u7Q,21288
"Stephanie Poetri - Selfish.mp3",WucQuyEx3PI,181860
"BEKA - More Than Friends (with HONNE).mp3",hboq_KBo4PE,74929
"Amy Allen - What a Time To Be Alive (feat. Pink Sweat$).mp3",-948Ly8CVX4,105542
"Julia Stone - Dance.mp3",Apl4oCFDXwc,35283
"Maisie Peters - Maybe Don't (feat. JP Saxe).mp3",OLl-U1WTmpA,1105486
"JVKE - Upside Down (feat. Charlie Puth).mp3",_osaV7Nl1io,1483074
"Sofía Valdés - The Sweet Escape.mp3",pegbI1ON9QE,36758
"Griff - Love Is A Compass - Disney supporting Make-A-Wish.mp3",sOh-WAwY744,532120
"Catie Turner - One Day.mp3",1eaBvkl4DOA,22050
"Fleetwood Mac - Dreams - 2004 Remaster.mp3",5oWyMakvQew,142758973
"Conor Matthews - Wait For Me.mp3",YjT3zVgRpTE,237658
"Catie Turner - Play God.mp3",zLC1HhimRKw,22767
"Jack Gray - That Guy.mp3",1keL7V4AXb8,21
"Two Another - Be Alone.mp3",THePONMXu3Y,43782
"Christopher - Good To Goodbye (feat. Clara Mae).mp3",MC72tacOQz4,903683
"Omar Apollo - Want U Around (feat. Ruel).mp3",Doo77i-kegg,334213
"flowerkid - miss andry.mp3",e8Hozegn37E,44096
"Faouzia, John Legend - Minefields.mp3",P12elIHd2e8,23245968
"Stephanie Poetri - How We Used To.mp3",kNgouCzEvjk,76493
"Seori - Trigger.mp3",XMmpmkWs5rY,235872
"Vagabon - Reason to Believe (feat. Courtney Barnett).mp3",ghNNRpq52Vs,8811
"Charlotte Lawrence - Talk You Down.mp3",mwo03QFSm0Y,220868
"Sloan Peterson - Nightmare.mp3",rtL0pjMpLpc,24952
"JC Stewart - Break My Heart.mp3",MfnSUib2RyI,326991
"Kat Holland - Imagination.mp3",zKr2LbsgXNI,5
"Wafia - Good Things.mp3",NGPGXLs2IWs,163524
"Sista Prod, Sarcastic Sounds - Eyes Blue Like The Atlantic, Pt. 2 (feat. Powfu, Alec Benjamin & Rxseboy).mp3",nI3apD_I948,3645522
"Julia Kahn - Life Lessons in the Parking Lot.mp3",JyW20iqM-uc,79
"Emmit Fenn - Until We Leave the Ground.mp3",Fp3z7GczZH4,6036
"Sara Kays - Future Kids.mp3",fZrEmZfEE94,251611
"Syence - a little bit bored (feat. ruuth).mp3",S_D9UIQmQvk,41970
"HYYTS - Bad Tattoo.mp3",Ptq2wVjrc2U,11242
"Tim Gallagher - Partners In Crime.mp3",cWap-LK7zi4,4573
"Catie Turner - Hide and Seek.mp3",bieN-50NUqQ,35024
"Stephanie Poetri - IRL.mp3",pUxH1Wjh-HQ,75607
"Shanae - Come On Over.mp3",b3NNoyZsYwk,7509
"John-Robert - Damn Bean.mp3",k6k2qqOLL5k,72364
"Budjerah - Missing You.mp3",lXpwxLI8A_0,26191
"Thelma Plum - Body Do The Talking.mp3",B6e4MwO7txA,10144
"Alex Frew - 9 Feet Tall.mp3",8Lls7UnADjI,18315
"Lily Allen - Somewhere Only We Know.mp3",DqCIs4ymMmw,1172610
"chloe moriondo - Dreams.mp3",bvVa8NJMeqI,190313
"Jack Gray - Winter City.mp3",wbM1kased5M,102
"Kita Alexander - Can’t Help Myself.mp3",a29W2GT00AU,30041
"Robinson - How Can I Resist Her.mp3",JsFZboUueqo,1255
"Lauren Daigle - Hold On To Me.mp3",TZP1MsVy8q0,6797837
"Pink Sweat$ - Heaven.mp3",uRjqHzq4160,875363
"BRELAND - Cross Country.mp3",9f_IjHaX77c,608626
"Late June, Courtney Drummey - Driveway.mp3",1GK3p9Ozu3M,31
"Pacific Heights - In Bloom (feat. Georgia Lines).mp3",6XpR1agJRNY,463
"Sam Ryder - Whirlwind.mp3",jAOiNHmWbds,748054
"Dan + Shay - Glad You Exist.mp3",RsIWPTQxhhY,1830719
"Teddy Swims - My Bad.mp3",BH71aIJRkLo,1886189
"Sara Kays - Picture Of You.mp3",RjxAMK6rYQg,777664
"Why Don't We - Grey.mp3",BtWDNiiBALI,2210643
"Christopher - My Blood.mp3",rkDWocTAQXg,56978
"Ali Gatie - Can't Let You Go.mp3",vJOo0LqcsLI,2467172
"Ojikae - BYO.mp3",wf9HuWgPBlc,1970
"Joshua Bassett - Lie Lie Lie.mp3",DvEhTo4cDzw,769070
"Ed Sheeran - Afterglow.mp3",G8a0t9hxyaI,19361470
"Chet Faker - Whatever Tomorrow.mp3",r1ahHzgKkYw,157137
"BEKA - Green Lights.mp3",tHEqCjXF7Bs,6855
"Teddy Swims - Bed on Fire.mp3",iPIFDVQ15QU,2520947
"Budjerah - Pyro.mp3",ZWa-VB0v7GI,2894
"Sam Ryder - Tiny Riot.mp3",UyebyTbqFMY,19477431
"Lexi Jayde - running in place.mp3",ch5kgqRCGoM,12752
"Ella Henderson, Tom Grennan - Let’s Go Home Together.mp3",TE0wPI7rpKI,2082973
"Jack Gray - Selfish.mp3",yN9tOkH4Dak,987
"Shanae - Locking Eyes.mp3",toeSXgsMoOg,4593
"Joshua Bassett - Feel Something.mp3",yAdSEOLFi04,614655
"Maisie Peters - John Hughes Movie.mp3",g5XHo4MuutU,370199
"Vetta Borne - Luv On U.mp3",R0brQLhUlMw,1238
"Priya Ragu - Forgot About.mp3",I-IH1C8bNms,24827
"Cecily - Mad Girl's Love Song.mp3",6L-g4msCuxk,812
"Maisie Peters - Helicopter.mp3",jfiP-5vhac8,109775
"Griff - One Foot in Front of the Other.mp3",HJSXLV_AXbE,330900
"Sloan Peterson - Moon & Back.mp3",CaWEZQju9mA,1431
"Pink Sweat$ - At My Worst (feat. Kehlani).mp3",j44dcyPq0M8,12461013
"JJ Lin - Bedroom (feat. Anne-Marie).mp3",24FwdjFUBvM,1292520
"Harper Finn - She Said.mp3",AbadTOTLuN0,4171
"Sofía Valdés - Handful of Water - Sofía x Ta-ku Remix.mp3",JRyRFTFHVh8,4698
"Annie Bass - Step Aside.mp3",4sllnIMXmyE,187
"Ben Abraham - War In Your Arms.mp3",WVnAPU_DnrI,33429
"Coldplay - Higher Power.mp3",A3nJxEbi7Uk,13925570
"Sara Kays - Remember That Night.mp3",8GOKi-M1Jbg,15606907
"Maisie Peters - Funeral (feat. James Bay).mp3",97j1uF_Qn0w,103906
"Chet Faker - Feel Good.mp3",9E-xrHaFq20,169007
"Tornado Club, The Kite String Tangle, Woodes - Intuition.mp3",KtCg6vdyDpY,935
"Budjerah - Higher.mp3",xE3SstOEnsU,45239
"Griff - Black Hole.mp3",LtUiLvskKD0,2676496
"Sloan Peterson - Parasite.mp3",Q-LiDG8XYe4,1385
"MAX, Ali Gatie - Butterflies.mp3",q1TGtm6-cnc,10944016
"HONNE - NOW I'M ALONE (feat. Sofía Valdés).mp3",oCIic5mgwJI,1713160
"Hayley Kiyoko - chance.mp3",ii7uzLY_s6E,305591
"Wafia - Wide Open (feat. Ta-ku & Masego).mp3",4aNrGs7xpbk,42184
"Josh Pineda - Lie to Me (feat. Kensington Moore).mp3",qVA_svSeywI,123
"Omar Apollo - Go Away.mp3",krwu8Hn6i7c,163530
"Ben Abraham - Requiem.mp3",-UzoxJixStQ,31403
"Pacific Heights - Domino (feat. Foley).mp3",kfD8C-n2oEM,6236
"Ben Platt - I wanna love you but I don’t.mp3",p9RmZGAlWko,419131
"Chet Faker - It's Not You.mp3",YgUgVaIE-Zs,120377
"flowerkid - it's happening again (feat. KUČKA).mp3",gpBX5Fj3qq4,19725
"Sara Kays - Struck By Lightning (feat. Cavetown).mp3",wxIe7DinJN0,131813
"Ingrid Andress - Wishful Drinking (with Sam Hunt).mp3",uXUQmWgDeNs,1297315
"Sam Austins - JOY FOR YOUTH (with Sir Chloe).mp3",OcpHjqkE2YI,55206
"Bruno Mars, Anderson .Paak, Silk Sonic - Leave The Door Open.mp3",IYFqc9gk4qI,50108477
"Anderson East - Maybe We Never Die.mp3",ZXSjaZxcCh0,50689
"Teddy Swims - Simple Things.mp3",B0H_nMQGuI8,1114897
"Maisie Peters - Volcano.mp3",h-J8eihnXrI,121893
"BOY SODA - LOVEU2BITS.mp3",WIg48Jqn608,1226
"Sara Kays - Traffic Lights.mp3",xgiWS9ALAuA,1758364
"Lorde - Mood Ring.mp3",lo3R-PldAiw,897528
"Ed Sheeran - Bad Habits.mp3",hJWSZDJb-W4,149884732
"Shanae - Some Type Of Way.mp3",qDV1-tMDk1c,6067
"We Said - Zombie (feat. LAUF).mp3",s764PLyEH-k,821
"Maisie Peters - Psycho.mp3",yLlxzixnPY0,1559998
"HONNE - COMING HOME (feat. NIKI).mp3",v_25neFRxCU,1423224
"Sam Ryder - More.mp3",MUxX_VTXMgk,3206041
"Nessa Barrett - keep me afraid.mp3",a8MOqsUS8Vw,771974
"JC Stewart - Don’t Say You Love Me.mp3",p-SYNqFu7ls,148432
"Bazzi - I Like That.mp3",gWa1bsa1c-A,2086234
"Obseen - What I Need.mp3",jKM95ZBNuXk,1
"SLUMBERJACK - Better Off (feat. Lucy Lucy).mp3",46Rzqx84xyc,9503
"Kedus - Sunset Dream.mp3",4sVgZxQwc4w,22934
"Client Liaison - Eulogy for the Living.mp3",lNfOKcI6IZA,13381
"Anne-Marie, Niall Horan - Our Song.mp3",5_R8MF_6nF8,5060637
"Ed Sheeran - Visiting Hours.mp3",e_2LbkArtVY,5274529
"Budjerah - Shoulda Coulda.mp3",AYfV_9w1vg4,5479
"88rising, Ylona Garcia - Don't Go Changing.mp3",nuFMfLeDE70,159065
"James Blunt - Love Under Pressure.mp3",yNrZoKjjjxM,320585
"Alec Benjamin - Older.mp3",3m7-wvv9Cco,880460
"Scott Helman - Pretty.mp3",utuaPMSr2vo,28907
"Ben Lee - Born For This Bullshit (feat. Sad13).mp3",YGEBaE-jRpY,3603
"Maisie Peters - Elvis Song.mp3",8V07aKY9CmM,229590
"Wafia - Wide Open (feat. Ta-ku & Masego) - Cabu & Ta-ku Remix.mp3",fL6Sn_llx-0,11346
"88rising, BIBI - The Weekend.mp3",svPzjK7BiEw,8491454
"Bruno Mars, Anderson .Paak, Silk Sonic - Smokin Out The Window.mp3",9vlslhgQOik,15734085
"HONNE - BACK ON TOP (feat. Griff).mp3",NI28s81CuVo,1976863
"Winston Surfshirt - Complicated (feat. Young Franco).mp3",2aSs7ZquLn4,29125
"Mahalia - Roadside (feat. AJ Tracey).mp3",TlZBG4ifmFw,242631
"Dylan J - Notice Me (feat. Ruel).mp3",R6o2wcm1Xfo,19562
"Hollie Smith - YOU (feat. New Zealand Symphony Orchestra).mp3",SC2ZT3SQUyc,816
"RÜFÜS DU SOL - I Don't Wanna Leave.mp3",gZ2rZjVupk4,1442780
"CHAII - Pineapple Pizza.mp3",KnV3C-A-cb0,24931
"Aiyana-Lee - Rich Kids.mp3",vUW2hk9fEz8,83358
"flowerkid - vodka orange juice.mp3",IOxz7WKJU5A,6796
"Griff - One Night.mp3",pcQjLopjcnM,725472
"Dami Im - Pray.mp3",LN3Hgqx3JOk,9609
"Forenzics, Split Enz, Tim Finn - Chances Are.mp3",c0cvme_wTSU,1613
"Budjerah - Talk (feat. MAY-A).mp3",SneSfWPlTrk,27786
"Madonna, Sickick - Frozen.mp3",_h1ZM_jgZdg,5342166
"Ravyn Lenae - Skin Tight (feat. Steve Lacy).mp3",PD0WWsCIBJQ,327205
"BOBI ANDONOV - Until the Morning.mp3",WbdVmXAJXIc,3543
"FKA twigs - Measure of a Man (feat. Central Cee).mp3",-Z5EnREGF0Y,398507
"Electric Fields - Gold Energy.mp3",zGzn-_6JhHg,34111
"Client Liaison - Witness.mp3",seBhvnXz2Ww,4982
"Ed Sheeran - Shivers.mp3",G1ej5up7JG0,141807514
"BOY SODA - WELCOME TO THE GLOW UP.mp3",lbZt_V0TzGM,5911
"Pink Sweat$ - Nothing Feels Better.mp3",KB8HvJOU21g,1687038
"Rory Noble - What If I Can't (feat. Mikey Dam).mp3",GCxm7jQBNwI,3693
"PANIA - proof.mp3",T2V4Ubmwv-k,1051
"Ali Gatie - Perfect.mp3",eajlEH_V6Aw,1107904
"HONNE - THREE STRIKES (feat. Khalid).mp3",DIhNngDB1qs,64154
"Benson Boone - GHOST TOWN.mp3",L-91zw3w_UY,11044566
"Sabrina Claudio - Put On Repeat.mp3",piHdcvQVQx0,347541
"Dylan Conrique - birthday cake.mp3",HeVycL09CkM,4778127
"Dua Lipa - Love Again.mp3",IkL-RjXJLv0,48323422
"Griff, Sigrid - Head on Fire.mp3",Jjgoog94w_Q,625266
"Kedus - Konjo.mp3",_yfelvsIWX4,1073
"Bruno Mars, Anderson .Paak, Silk Sonic - Skate.mp3",AVz2FAp9odU,6125196
"Rami - IFIW (I Feel It When).mp3",n6CFQiJZ5XA,4
"Anne-Marie - Beautiful.mp3",rFPvWLLxwNA,3081662
"Thomas Headon - Victoria.mp3",DVmTsNLo188,13592
"HONNE, Reuben James - I’M BLESSED.mp3",da0cO2hBpiw,1327996
"PANIA - tiki.mp3",nN7yChGgntM,8776
"FKA twigs - tears in the club (feat. the weeknd).mp3",Ggfmhzo3rLQ,1391054
"Ed Sheeran - 2step (feat. Lil Baby).mp3",bVtTWOD9_PU,2378204
"Ella Henderson - Everything I Didn’t Say.mp3",pektZfBJ2fI,296007
"Winston Surfshirt - There's Only One (feat. Genesis Owusu).mp3",teder0INWvU,19570
"Ben Abraham - Another Falling Star.mp3",8xXEl1negC0,18959
"Harper Finn - Different Skies.mp3",vCfEbLcbEVw,2079
"RIIKI REID - Meet U Again.mp3",olRDkYkB_h8,987
"Ed Sheeran - The Joker And The Queen (feat. Taylor Swift).mp3",G9_rkcsX3aY,1447789
"Jaymes Young - Infinity.mp3",WMK3JXG3Fx0,148777489
"Seori - Can't Stop This Party.mp3",d4h6jJj2sVU,115959
"Stephanie Poetri - Bad Haircut (feat. JVKE).mp3",8412DqMzrFs,93200
"Budjerah - What Should I Do.mp3",utROqW2-AFQ,15379
"GAYLE - luv starved.mp3",9mt11RgnZN4,418397
"IDK - Breathe.mp3",41axDp_6K-E,118303
"Bruno Mars, Anderson .Paak, Silk Sonic - Blast Off.mp3",RxtAgur1ao8,820142
"Mahalia - Whatever Simon Says.mp3",BglXERWn3Wo,312960
"DENNIS. - False Truths.mp3",JNArbcBv9BU,310
"Teddy Swims - dose.mp3",ProwylW2ezU,187796
"Cornelia Jakobs - Hold Me Closer.mp3",l7u6fhV_Gmk,1103290
"ILUKA - Higher Love.mp3",KPNPHGce6vc,1024
"Charlie Puth - That's Hilarious.mp3",LPjyycIdihs,6316454
"Annie Bass - Owe You.mp3",3MPdpRGhBN4,34
"Dylan J - Before It Started.mp3",c3Y4bzo8Yxo,40726
"Alec Benjamin - Speakers.mp3",D2HzUcMvkIU,501950
"Zach Bryan - Something in the Orange.mp3",lA8F9sIhGdg,49864536
"Budjerah - Get Down.mp3",JZrgriCr7pc,6030
"Kehlani - up at night (feat. justin bieber).mp3",RYmkheu5HyQ,1174361
"Kedus - Ballroom Bop.mp3",UtUVKyg1KjI,37253
"Coldplay, Selena Gomez - Let Somebody Go - Kygo Remix.mp3",wcMHnCtDC6w,536999
"Ali Gatie - IDK.mp3",fuEg51WdeqQ,179373
"Kat Edwards - Best Bad News.mp3",3IBFbhfmJO4,3314
"88rising, BIBI - Best Lover.mp3",Dyg_ZX2jp3o,7669162
"Kita Alexander - Run.mp3",6fdUl7Os3JI,13128
"HRVY - I Wish I Could Hate You.mp3",qgE6BJRFl9g,49577
"Thelma Plum - The Bat Song.mp3",vQk2q68VWc0,3320
"Sabrina Claudio - Don’t Make Me Wait.mp3",2OeMT344jt4,2239854
"P1Harmony - Gotta Get Back (feat. Pink Sweat$).mp3",GLSIbgeqKjk,117034
"Oliver Cronin - 10,000 Hours (feat. Mason Dane).mp3",SGnCS38Jpzc,2649
"Carla Wehbe - hurts to love you (reimagined).mp3",AZ43N3oun7w,149
"NIKI - Before.mp3",eEt3iruepM4,48740
"YDE - Old Her.mp3",oSR7NELRhR0,35465
"MICHELLE - FOOL 4 U.mp3",oL7GJrFVDkg,7732
"Ed Sheeran - Overpass Graffiti.mp3",gtR09WMSaAw,18411040
"BOBI ANDONOV - Night Crawls.mp3",63uwbBkwsOY,17437
"Lara Andallo - Head To Toe.mp3",PjF-7hhPxqs,5834
"Valentina Ploy - Bla Bli Blu.mp3",mAzjOheNBw4,804394
"The Attire - Sriracha (feat. WOOSUNG).mp3",a0fm45GYIfM,38006
"Sam Ryder - SPACE MAN.mp3",uvYicg0822E,4175449
"Fleur De Mur - Nothing Right.mp3",Q7rxnysZxyI,26
"Sloan Peterson - Wear My Heart Out (feat. Pearl).mp3",Qq3t9Q0HioU,1107
"Budjerah - My Name.mp3",DaYDB1_O0Us,2183
"NIKI - Oceans & Engines.mp3",ZM3bRj45EBU,1200782
"L.A.B. - Yes I Do.mp3",rmlpbaRoPPk,288318
"Jack Gray - One Step Back.mp3",xKsDLEVRrGk,17393
"YDE - Normal to Feel.mp3",HOX2JK8n-24,35975
"Bazzi - Miss America.mp3",hJqMhG5vRXE,409862
"Bri Clark - Compete.mp3",gaH1ZC7hsos,380
"Alex the Astronaut - Ride My Bike.mp3",IuiVzhec3Tc,1273
"Thelma Plum - The Brown Snake.mp3",zKmwmmz50ew,31053
"Ali Gatie - Can't Give Up.mp3",nizXLw82LIU,341691
"Kat Edwards - Loser.mp3",UU2EWwDsW88,336
"Jamyang - Waves.mp3",q-FBQF9-TOg,31
"Maisie Peters - Good Enough.mp3",Z4oF_rLqBek,284224
"Thelma Plum - When It Rains It Pours.mp3",GguoE0sJi3g,17119
"Kita Alexander - Storm.mp3",lNm-rMA_2cs,3572
"Ali Gatie - The Look (feat. Kehlani).mp3",cfA2-rsZYOk,448783
"Matilda Pearl - FUCK U FINN.mp3",ylGB7Ial7xg,29
"Jack Gray - You Can Run.mp3",kmPVsaFRGKs,2874
"Oliver Cronin - Trapped In L.A..mp3",wLJD8AwKmi0,5736
"Harper Finn - Euphoria.mp3",3rWuwxTUydQ,11995
"Lukas Graham - Wish You Were Here (feat. Khalid).mp3",Hg_jXteqbsw,870366
"Rory Noble - Headlines.mp3",1Va9zT_WlIw,5776
"PANIA - MY CREW.mp3",xvlfy35J6Zs,477
"Burna Boy - For My Hand (feat. Ed Sheeran).mp3",NNjYhPt8y44,5490752
"CKay - you.mp3",4PhZ9hY43oo,125658
"Bazzi - Heaven.mp3",jG34c90KkSk,498391
"Joji - Glimpse of Us.mp3",EuiPRLz8g2Y,23442549
"Sara Kays - Watching TV.mp3",Cn0JYA7vQLs,61168
"Oliver Cronin - Lifestyle.mp3",sFnAkBlQLHk,884
"Balu Brigada - I Should Be Home.mp3",snz7aurHtEU,13105
"Omah Lay, Justin Bieber - attention.mp3",eZyOvqZMGBs,3118292
"The Rose - Sour.mp3",dDtGGboXJg8,625833
"Benson Boone - Better Alone.mp3",N9r8D0_1zrQ,1299540
"L.A.B. - In the Air.mp3",DAbU4D8sB-M,612870
"Kita Alexander - Ocean Blue.mp3",2hPrYclj98w,8741
"Pacific Heights - Cold Nights (feat. Stan Walker & Larissa Lambert).mp3",Uj5YvJ_zOlg,22954
"Ed Sheeran - 2step (feat. Budjerah).mp3",Bc-F07XvyLs,40478
"Carla Wehbe - is forever off the table.mp3",MeEa38_TvdQ,13249
"Cavetown - frog.mp3",0v7OcI32WL4,183531
"GAYLE - snow angels.mp3",pXY9pSS09hE,160919
"LORA - lost.mp3",MZrhu8Cm3Dc,542
"SAFIA - Falling Down.mp3",vl-P5yiimuM,6203
"Teddy Swims - Someone Who Loved You.mp3",zOuk0L3kkXI,154553
"BOY SODA - BIG.mp3",1Knpr5ZajtU,11134
"Stephanie Poetri, gnash - Breakfast in Bed.mp3",2HsCKWDh6x0,37627
"Joshua Bassett - i'm sorry.mp3",N-50tOX0yBY,173661
"Benson Boone - Before You.mp3",4tbDEFVQdMU,4565930
"Kita Alexander - The One.mp3",iIdTL-aDRZI,2192
"Joji - Die For You.mp3",Eqhsz-vVvQ4,18761957
"Genevieve Stokes - Can I.mp3",6YgWWmBeHUQ,6009
"Omar Apollo - Evergreen (You Didn’t Deserve Me At All).mp3",m3Gs5e6ux08,9618930
"Stevan - DRIVING.mp3",C0imaHI-8zQ,4543
"Carla Wehbe - introvert (with extroverted expectations).mp3",Pk3ORKOPZBs,7366
"Kita Alexander - Memories of You.mp3",fS707sHgh4Y,7304
"Sloan Peterson - Bittersweet.mp3",JsnqKLaoWYM,1680
"Genevieve Stokes - Habits.mp3",lIv_-MefyLU,904298
"KAZE, NERIAH - Promise.mp3",x2w0qHtFhaE,1879
"Winston Surfshirt - I Want You (To Be My Woman) [feat. DOPE LEMON].mp3",unF0ubiHQlY,8031
"Kedus - Shmood..mp3",4s3Bf5XEtH0,288
"Budjerah - Ready For The Sky.mp3",rOt0lcOuTf8,19155
"BLESSED - Heya.mp3",hTxkNKO7u3Q,4405
"Thelma Plum - Backseat of My Mind - Radio Edit.mp3",Ec6D4e0BJgM,16202
"Gus Dapperton - Horizons.mp3",AeugEgC2ieA,67409
"Jamyang - Left Alone.mp3",kKpYIJv2iBQ,39
"Dami Im - Collide.mp3",FpFVTxdfW0Y,3168
"Gorillaz - Oil (feat. Stevie Nicks).mp3",vytZym7857c,1394699
"Genevieve Stokes - You & Me.mp3",RdYkmxh3FXU,2879
"Balu Brigada - OH! Not Again.mp3",6Pq7agAffgk,8205
"Ed Sheeran - Boat.mp3",AgyrjpX4OT8,441132
"PANIA - P STANDS 4 PLAYA.mp3",dTS7Il20Ieg,4930
"Matchbox Twenty - Wild Dogs (Running in a Slow Dream).mp3",4tD62jP5Uxk,90811
"Macklemore - NO BAD DAYS (feat. Collett).mp3",Fi5gf34L32Y,477882
"Carla Wehbe - knight to e5.mp3",Ih_9IODZCTU,352
"Birdy - Heartbreaker.mp3",rmf3EiDUiEM,29051
"Benson Boone - Sugar Sweet.mp3",mC7J8Rphv5E,572862
"Stevan - DRIVING 2.0 (feat. Charlie Burg).mp3",xsiCllBIazE,394
"Maisie Peters - Lost The Breakup.mp3",4t_k5J2jr1A,150186
"Teddy Swims - What More Can I Say.mp3",qfYnz3SqxCY,24351
"PinkPantheress, Ice Spice - Boy's a liar Pt. 2.mp3",aYdRRUs85w8,24067854
"Blusher - Dead End.mp3",5_5g6s29TQE,2057
"Carla Wehbe - jupiter and mars.mp3",ODVtUori2Eg,2207
"Jack Gray - Practically Strangers.mp3",SuCr2pVoO-M,206
"Benson Boone - What Was.mp3",r3XG0c8b8i4,166224
"flowerkid - Diss and Disappoint.mp3",phXBb-nUAgg,1204
"Ed Sheeran - Curtains.mp3",pDW0e5SO5Co,446029
"Bebe Rexha, Dolly Parton - Seasons.mp3",Fah9JLF9lms,150161
"Benson Boone - Little Runaway.mp3",C6b9GyxjDmc,62778
"Kita Alexander - Queen.mp3",lqIUljkUU68,4541
"BOBI ANDONOV - War Is Love.mp3",YRbHXClfwmM,1896
"Blusher - Backbone.mp3",DpRTIAqyfao,422
"Charlie Puth - That’s Not How This Works (feat. Dan + Shay).mp3",O2P6wliWMDM,4341347
"Gus Dapperton, BENEE - Don't Let Me Down.mp3",Y5sU87OS1SI,40358
"Budjerah - Therapy.mp3",2mI51IvMuS0,38496
"Ed Sheeran - Eyes Closed.mp3",q70tWLT2yLw,5188079
