"Daya - Insomnia.mp3",xKm8sDSHkjY,3038342
"FIFTY FIFTY - Cupid - Twin Ver..mp3",RxPF0WqjVP0,26222791
"Matchbox Twenty - Push.mp3",t2rsf8SiMJY,36283706
"Third Eye Blind - Semi-Charmed Life.mp3",gjdLAsnR_Ws,34425092
"Snoop Dogg, Wiz Khalifa - Young, Wild & Free (feat. Bruno Mars).mp3",tdwDYpWsktc,85945314
"Simple Plan - Perfect.mp3",PMMqfnRx2IA,17949877
"Nickelback - How You Remind Me.mp3",w3Z0zitVoTw,1352
"Lukas Graham - Love Someone.mp3",PPgBzofbI7s,45744670
"Paramore - The Only Exception.mp3",ChXcD6Z4uvQ,51497615
"Coldplay, BTS - My Universe.mp3",3YqPKLZF_WU,267964393
"Marshmello, Manuel Turizo - El Merengue.mp3",QtS4R89oHkM,3822181
"Calvin Harris - Miracle (with Ellie Goulding).mp3",ba4MlsG_Ce8,3067628
"The Weeknd, Ariana Grande - Die For You - Remix.mp3",AySMGpXQ1Mo,15514720
"All Time Low - Modern Love.mp3",7uzOajtqWHg,105330
"JVKE - golden hour.mp3",uV_5eEvamoQ,23870360
"Dean Lewis - Be Alright.mp3",td8ofu69z0E,64403188
"Miley Cyrus - Flowers.mp3",BkSSOGNeWTM,99139747
"Ellie Goulding - Like A Saviour.mp3",Fp-vton91Lo,175763
"Tiësto, Ava Max - The Motto.mp3",tWIJFhZ69_U,41007684
"Hot Chelle Rae - Don't Say Goodnight.mp3",e-G8lnpVMoU,181726
"OneRepublic - I Ain't Worried.mp3",NF7oYY7Lhq4,57901803
"Timbaland, Justin Timberlake, Nelly Furtado - Give It To Me.mp3",KCXEuV7qbhA,3834383
"George Ezra - Budapest.mp3",jYSLu01Lc5A,17179773
"George Ezra - Green Green Grass.mp3",SDNIJRbNSc4,11147158
"Ava Max - One Of Us.mp3",FJZcY3P76q4,729183
"SZA - Kill Bill.mp3",AdEKgwUqPKI,41393170
"Timbaland, Keri Hilson, D.O.E. - The Way I Are.mp3",iM6iO8TD3tM,58606555
"Metro Boomin - Creepin' (with The Weeknd & 21 Savage).mp3",VYsr8v1jMHI,34620422
"Backstreet Boys - Quit Playing Games (With My Heart).mp3",XziZn-78lz4,5131383
"Backstreet Boys - Show Me the Meaning of Being Lonely.mp3",Qgd_TRKSWa8,18997312
"Backstreet Boys - As Long as You Love Me.mp3",0BekWlY9ldg,9521031
"Backstreet Boys - Everybody (Backstreet's Back) - Radio Edit.mp3",xPsiB9GlgKQ,583361
"Justin Timberlake - SexyBack (feat. Timbaland).mp3",g_V6wqBlADw,39823753
"Niall Horan - This Town.mp3",ATJSj3oTfWc,467201
"Lil Nas X - THATS WHAT I WANT.mp3",qP1KUarf4VM,32723032
"Gnarls Barkley - Crazy.mp3",4awyKrjzCg0,36225320
"Kesha - Cannibal.mp3",e3v60CXHnTA,24219356
"Eminem - Mockingbird.mp3",9kznlAwE-8o,118043024
"Black Eyed Peas - My Humps.mp3",PJeZEOswwAw,17149392
"Ava Max - Weapons.mp3",fG6VxYYnM-U,681538
"Oliver Tree, Robin Schulz - Miss You.mp3",88ft3GeEsto,38360463
"Caramella Girls - Caramelldansen.mp3",UwTt2Ox_0AE,4905202
"GAYLE - fmk (with blackbear).mp3",OYrSsWjpG7M,176565
"Lil Yachty - Poland.mp3",t9kv-Suoq8k,4393952
"AURORA - Cure For Me.mp3",sW6f4FXFzA0,4091772
"All Time Low - Sleepwalking.mp3",QHO5xZaUhwU,155925
"6ix9ine, Nicki Minaj, Murda Beatz - FEFE.mp3",8WqAkw5XDxI,20102391
"Lil Nas X - STAR WALKIN' (League of Legends Worlds Anthem).mp3",_GX3D32b3TI,27694585
"Chris Brown - Under The Influence.mp3",BLFGsxijRHg,122244097
"Ed Sheeran - Celestial.mp3",eAOvikzmuGQ,12715150
"Black Eyed Peas, Shakira, David Guetta - DON'T YOU WORRY.mp3",sr7K3jog-DQ,4111062
"Regard, Troye Sivan, Tate McRae - You.mp3",yIQcsvKnxqw,38057732
"Tate McRae - she's all i wanna be.mp3",L3J0itUBBlo,8030615
"David Guetta, Bebe Rexha - I'm Good (Blue).mp3",pIb7QoXdP_k,1868278
"Sam Smith - Unholy (feat. Kim Petras).mp3",dsEmz4q1RGw,37741458
"5 Seconds of Summer - Bad Omens.mp3",pho1HWtjVRM,1609763
"Charlie Puth - Charlie Be Quiet!.mp3",Z4aCprJtBLU,1175664
"The Goo Goo Dolls - Iris.mp3",Dy_eP-mqWow,98987117
"Meghan Trainor - Don't I Make It Look Easy.mp3",rJ_kU5TPEUQ,946402
"Ava Max - Million Dollar Baby.mp3",ycrfb1r2NL0,1853222
"Imagine Dragons - Love Of Mine - Night Visions Demo.mp3",3Hl8fyqWaLk,219392
"Nicky Youre, dazy - Sunroof.mp3",eZCWyFNV_ZM,35326505
"Demi Lovato - 29.mp3",rhGoTIAP_Gg,3344043
"Lukas Graham - Wish You Were Here (feat. Khalid).mp3",Hg_jXteqbsw,869255
"Zedd, Maren Morris, BEAUZ - Make You Say.mp3",KdckL9IvW50,3252711
"Alesso - Words (feat. Zara Larsson).mp3",Xx7Efy2WhuA,4988610
"Camila Cabello - Bam Bam (feat. Ed Sheeran).mp3",z54b7qAB7p0,28692692
"Jennifer Lopez - Love Don't Cost a Thing.mp3",BdefslZPBns,8876929
"Elley Duhé - MIDDLE OF THE NIGHT.mp3",4zsVKROnQfY,172295434
"Ellie Goulding - Easy Lover (feat. Big Sean).mp3",gilFa9Zqhkg,269660
"GAYLE - abcdefu.mp3",xn0-IZZ6YO4,124434505
"Trevor Daniel - Falling.mp3",P9L_ZWVPX4g,34492621
"Charlie Puth - Left and Right (Feat. Jung Kook of BTS).mp3",a7GITgqwDVg,328315440
"Melanie Martinez - Play Date.mp3",tp8WZuJZh8o,63476446
"Lizzo - About Damn Time.mp3",IXXxciRUMzE,122351523
"Conan Gray - Maniac.mp3",ipkaSc30uXw,76127502
"Machine Gun Kelly - my ex's best friend (with blackbear).mp3",umfi3r2tk6Q,37696078
"Jennifer Lopez - Let's Get Loud.mp3",feYwLT4DSDo,17401886
"Bruno Mars - Talking to the Moon.mp3",lIaDtfplmyQ,117561159
"Why Don't We - How Do You Love Somebody.mp3",XgyDLeIpVlo,2782573
"Leona Lewis - Better in Time.mp3",dHkvg_5S-xQ,15484611
"Daddy Yankee - Gasolina.mp3",46azAz0AWv8,27343843
"Calum Scott, Leona Lewis - You Are The Reason - Duet Version.mp3",DvG6-KXYF64,42785145
"Harry Styles - As It Was.mp3",nujn6wbr-e8,133472409
"Calvin Harris - Potion (with Dua Lipa & Young Thug).mp3",oQ8faTZwJXE,3421700
"Fergie - London Bridge.mp3",VGBSjfYSJiU,4168548
"Fergie - L.A.LOVE (la la) [feat. YG].mp3",72LTof-Wliw,3014047
"Fergie - Big Girls Don't Cry (Personal).mp3",xauGCTL9c3c,37642234
"Lauv - All 4 Nothing (I'm So In Love).mp3",Ahm7myXatco,11054318
"Ava Max - Maybe You’re The Problem.mp3",kfauyGbueR0,1478443
"Britney Spears - ...Baby One More Time.mp3",91Niv2q4gvc,78433650
"The Weeknd - Out of Time.mp3",2yqYAsUpdSc,40351020
"Machine Gun Kelly - emo girl (feat. WILLOW).mp3",ZWI35CeDeJQ,4150242
"Charlie Puth - That's Hilarious.mp3",LPjyycIdihs,6295491
"Taylor Swift - Enchanted.mp3",fvg01l43XBc,7998867
"The Chainsmokers - iPad.mp3",s438WudduuE,4204746
"Nelly Furtado - I'm Like A Bird.mp3",QPvpSMkQsO4,5018910
"Nelly Furtado, Timbaland - Promiscuous.mp3",BO7FQnegW1o,114922414
"Nelly Furtado - Say It Right.mp3",7JFtfM9rVvQ,61129098
"Tyga, Doja Cat - Freaky Deaky.mp3",NNdvHJkPK4g,16429046
"Kygo - Dancing Feet (feat. DNCE).mp3",coSFZwTDs58,3632203
"KSI - Holiday.mp3",uHvnvAnGYho,4561656
"Ed Sheeran - The Joker And The Queen (feat. Taylor Swift).mp3",G9_rkcsX3aY,1444662
"Eminem - Without Me.mp3",tqxRidAWER8,185639466
"Eminem - Venom - Music From The Motion Picture.mp3",RCDItRwm8UU,29252842
"Disclosure, Sam Smith - Omen - Radio Edit.mp3",LBgpeBo8ui8,25426
"Khalid, Disclosure - Know Your Worth.mp3",rbhHxJw0xIQ,13294591
"The Chainsmokers - High.mp3",sBqHtRE-PHI,5083552
"Katy Perry - Harleys In Hawaii.mp3",EO4_qL7GCHQ,39152871
"Alesso - When I’m Gone (with Katy Perry).mp3",wvYit4jmj6U,6388120
"Charlie Puth - Light Switch.mp3",ntG3GQdY_Ok,54638568
"Shawn Mendes - It'll Be Okay.mp3",aVMXW4WyE60,14534847
"Imagine Dragons - Enemy (with JID) - from the series Arcane League of Legends.mp3",WmQHSkjgyDM,44613107
"The Weeknd - Sacrifice.mp3",gpRxyIPqVDw,18145757
"G-Eazy, A$AP Rocky, Cardi B - No Limit.mp3",wSU0mya4sFE,26356263
"G-Eazy - Still Be Friends (feat. Tory Lanez & Tyga).mp3",FaMZzl8GaSE,8978214
"Meghan Trainor - Title.mp3",hWCiAemJVVM,4258387
"Avril Lavigne - Love It When You Hate Me (feat. blackbear).mp3",gQMQ93OHTNk,1746619
"Jonas Blue, Why Don't We - Don’t Wake Me Up.mp3",MexqtLQvHy4,11352384
"Flume, Tove Lo - Say It.mp3",-7ATbjERrBI,3369074
"Post Malone - One Right Now (with The Weeknd).mp3",tJttoZEbvYg,20267192
"Elton John, Dua Lipa - Cold Heart - PNAU Remix.mp3",e-S1k9-soT4,102850708
"Farruko - Pepas.mp3",gNBkFme2BPE,168073758
"Doja Cat - Woman.mp3",GnmoJaTWiQE,71076826
"5 Seconds of Summer - 2011.mp3",wUqFz8Vug5o,1050084
"Avril Lavigne - Head Above Water.mp3",s5x8x8Jdt5A,4271121
"Avril Lavigne - Bite Me.mp3",h5I774U_s2I,4229221
"Swedish House Mafia - Moth To A Flame (with The Weeknd).mp3",peLRPSCeppI,21882607
"James Arthur - September.mp3",VdyzYPBMM6w,3764568
"Clean Bandit, Mabel - Tick Tock (feat. 24kGoldn).mp3",fFsapeLp0n8,21420823
"Tiësto, KAROL G - Don't Be Shy.mp3",wrCO4HjfNKg,26494193
"Ed Sheeran - Overpass Graffiti.mp3",gtR09WMSaAw,18399779
"Shawn Mendes, Camila Cabello - I Know What You Did Last Summer.mp3",clWVdpCAVkY,493945
"Camila Cabello - Never Be the Same.mp3",ImDyCpr9CK4,23320453
"Camila Cabello - My Oh My (feat. DaBaby).mp3",PpLDVtASHWg,81382067
"Camila Cabello - Don't Go Yet.mp3",nFcvj3mU6dc,10668812
"Conan Gray - Heather.mp3",bAO9TxBNg5A,829689
"Miley Cyrus - When I Look At You.mp3",gM8ySJhxhSA,5670829
"Sean Paul, Sia - Dynamite.mp3",8sKSM8SFyxM,597084
"Lil Nas X - MONTERO (Call Me By Your Name).mp3",oz0Oz5tBOg8,51666251
"Lil Nas X - INDUSTRY BABY (feat. Jack Harlow).mp3",jPe0bX_GtBo,198102404
"Joel Corry, Jax Jones - OUT OUT (feat. Charli XCX & Saweetie).mp3",7AIvED1lXEI,16459457
"Why Don't We - Love Back.mp3",pf6lUOMwBlk,5099145
"Shouse - Love Tonight (David Guetta Remix Edit).mp3",c8912QTmfTE,599072
"David Guetta, Martin Garrix, Brooks - Like I Do.mp3",L6hVtHNhnB4,942013
"Skylar Grey - Last One Standing (feat. Polo G, Mozzy & Eminem) - From Venom- Let There Be Carnage.mp3",_V-eBqIiA_U,23174280
"Alesso, Marshmello - Chasing Stars (feat. James Bay).mp3",Lmswp6djx0I,2082827
"Marshmello - Leave Before You Love Me (with Jonas Brothers).mp3",Q_2KGjfMBRs,34510340
"Céline Dion - My Heart Will Go On - Love Theme from 'Titanic'.mp3",Siz-xBfIqpg,19321342
"G-Eazy - Breakdown (feat. Demi Lovato).mp3",sks7_pkCtj0,800943
"Ed Sheeran - Shivers.mp3",G1ej5up7JG0,141669646
"Charli XCX - Good Ones.mp3",dlw-wciKwXY,1494790
"Doja Cat - Need to Know.mp3",USb5JBhZed0,111676793
"Shawn Mendes - Summer of Love (Shawn Mendes & Tainy).mp3",03JKogx3dzo,11762230
"Anne-Marie, Niall Horan - Our Song.mp3",5_R8MF_6nF8,5057795
"The Weeknd - Take My Breath - Single Version.mp3",VcNFJE6k2_Q,35008211
"Troye Sivan - Strawberries & Cigarettes.mp3",Mw5mAozjC6M,82640496
"3 Doors Down - Here Without You.mp3",84jK2Rzso7M,60815658
"Jordin Sparks - One Step At a Time.mp3",1WDmCPTlC3k,5902938
"The Calling - Wherever You Will Go.mp3",iGbPR36zGx4,40646036
"James Blunt - You're Beautiful.mp3",ScRDOIhUvMM,368460
"Ariana Grande - pov.mp3",y-C5cM_0KVE,61718572
"Nathan Dawe - Lighter (feat. KSI).mp3",jzXj2-KQ3MA,6015994
"Anne-Marie, KSI, Digital Farm Animals - Don't Play.mp3",NRElgOW1OWg,2378168
"blackbear - idfc.mp3",yBpOM-YXjJQ,44943804
"blackbear - do re mi.mp3",tkCgsv25nDs,27754998
"The Kid LAROI - STAY (with Justin Bieber).mp3",XfEMj-z3TtA,238925844
"Billie Eilish - Your Power.mp3",5DEPXcDysro,15380622
"Doja Cat - Kiss Me More (feat. SZA).mp3",F0pVRkbMpcY,216
"Doja Cat, The Weeknd - You Right.mp3",fdrjPRnTYC0,48890196
"Kygo, Rita Ora - Carry On (from the Original Motion Picture 'POKÉMON Detective Pikachu').mp3",IPLSS0bnsEU,16244710
"Beyoncé - Irreplaceable.mp3",Nw8LyN21OO8,34437434
"Ed Sheeran - Bad Habits.mp3",hJWSZDJb-W4,149760638
"BTS - Butter.mp3",NNCBq0JHXsU,42447130
"Emblem3 - Chloe (You're the One I Want).mp3",0lpkh_tGzWM,321202
"Chris Brown - With You.mp3",5HsztKF4-yg,36690228
"Miley Cyrus - The Climb.mp3",W-1cW0s_sTE,17602030
"Plain White T's - 1, 2, 3, 4.mp3",5AKAArYhBIA,1401508
"Mariah Carey - Obsessed.mp3",InfC4TS-wS4,15484169
"Ne-Yo - Mad.mp3",eoTh9nsjgeU,25895722
"Neon Trees - Animal.mp3",VN9QJ9TtuBo,8188719
"3OH!3, Kesha - My First Kiss (feat. Ke$ha).mp3",VgD1DgnG3_g,4499271
"David Archuleta - Crush.mp3",-rQbZsorrxs,10570739
"Maroon 5 - Won't Go Home Without You.mp3",H6h46zDIncU,1224399
"Maroon 5 - Lost.mp3",NiZErygnITo,9662751
"Maroon 5 - Echo (feat. blackbear).mp3",6q3cIV0OmxY,2610793
"Evanescence - My Immortal.mp3",RxrTVf2vkLs,8535745
"Katy Perry - Electric - Pokemon 25 Version.mp3",j9w7akw2H1c,3385724
"Olivia Rodrigo - good 4 u.mp3",Bc9ijogGmtU,121661696
"Olivia Rodrigo - deja vu.mp3",pHw5jgsE_pY,67719199
"Bebe Rexha - Sacrifice.mp3",ABzDDzFXlv0,2656396
"Tiësto - The Business.mp3",bpGJqJ53oEc,95588546
"Demi Lovato - Met Him Last Night (feat. Ariana Grande).mp3",yOjiUYRdWH4,1758109
"Billie Eilish - Therefore I Am.mp3",oDn4eKyhSH4,83867258
"The Weeknd - Save Your Tears.mp3",RmYCOm4ehKs,253386450
"The Weeknd - Save Your Tears (with Ariana Grande) (Remix).mp3",UMnJ6arAbZg,72624392
"One Direction - Night Changes.mp3",8BiLurrzFRw,87078650
"Masked Wolf - Astronaut In The Ocean.mp3",5-FGxUINL-Q,124787448
"David Guetta, Sia - Let's Love.mp3",rNQiqZKndG4,12876308
"Joel Corry, RAYE, David Guetta - BED.mp3",OsMxP_zVVCo,16499253
"James Arthur - Medicine.mp3",yI9iR6yUlvs,1417135
"Bruno Mars, Anderson .Paak, Silk Sonic - Leave The Door Open.mp3",IYFqc9gk4qI,50026045
"Justin Bieber - Anyone.mp3",aTEbpIpU1NM,21755035
"Justin Bieber - Hold On.mp3",QDQYVFQGkkw,38504992
"Justin Bieber - As I Am (feat. Khalid).mp3",NjVRsrb0HUg,8052043
"Maroon 5 - Beautiful Mistakes (feat. Megan Thee Stallion).mp3",1qHr2FkRhek,65418130
"AJ Mitchell - Slow Dance (feat. Ava Max).mp3",zbstsNp77Tg,661026
"Dua Lipa - We're Good.mp3",CBjtouAePhM,20482404
"Sia, David Guetta - Floating Through Space.mp3",JaSAPutU6-0,15436752
"Ariana Grande - 34+35.mp3",NplFevPlYDI,114274017
"Justin Timberlake - Suit & Tie (feat. JAY Z) (feat. Jay-Z) - [Radio Edit].mp3",0S0vamqBlek,1307973
"salem ilese - Mad at Disney.mp3",xQGEOsCzFJU,74938516
"Olivia Rodrigo - drivers license.mp3",l0txe6yk8Kc,59050863
"Shawn Mendes - Monster (Shawn Mendes & Justin Bieber).mp3",KL3BiNmjfTI,2192066
"Cardi B, Bad Bunny, J Balvin - I Like It.mp3",yi4d7Ubz44o,148622566
"Katy Perry - Resilient.mp3",EmrvoytieTE,1235082
"Ellie Goulding - Still Falling For You - From 'Bridget Jones's Baby'.mp3",HRxs7CZm9ng,190527
"Kane Brown - Be Like That - feat. Swae Lee & Khalid.mp3",ux9kxh9zg64,34187167
"Cardi B - WAP (feat. Megan Thee Stallion).mp3",-tmSSWl-ZoA,341582408
"All Time Low - Monsters (feat. blackbear).mp3",e4UKtfiX_wM,13535541
"Kygo, Imagine Dragons - Born To Be Yours.mp3",QqTpg0-tIwg,5951807
"24kGoldn - Mood (feat. iann dior).mp3",UNOtbkQxECI,38643354
"All Time Low - Monsters (feat. Demi Lovato and blackbear).mp3",PLYEdzr7_O0,1733909
"Shania Twain - I'm Gonna Getcha Good! - Red Single Edit.mp3",zHEbaxZKPJI,3153699
"Calvin Harris, Jessie Reyez - Promises (with Sam Smith).mp3",X8JH6npiSC4,71026461
"Sam Smith - Fire On Fire.mp3",CVXOJ-CBcJQ,32030820
"Miley Cyrus - Midnight Sky.mp3",ytiqx4Qrias,45042239
"Ozuna, Doja Cat, Sia - Del Mar.mp3",7hL-3_OVGik,18026887
"Sia - Together.mp3",ciTv23CIxRg,3818945
"J Balvin, Dua Lipa, Bad Bunny - UN DIA (ONE DAY) (Feat. Tainy).mp3",64tUguxQgtU,3923587
"The Weeknd - In Your Eyes.mp3",yRVotpLaCD4,82725959
"Justin Bieber - Lonely (with benny blanco).mp3",AsBSczkDA7s,33404271
"Zedd - Inside Out (feat. Griff).mp3",TLEKl5uoMnw,3345600
"Tate McRae - you broke me first.mp3",7ecu7DJwgYA,125416711
"Ariana Grande - positions.mp3",lzlg0e7MvYI,101062589
"Marshmello, Imanbek - Too Much (feat. Usher).mp3",oHA6vi0xwpU,3527577
"Westlife - My Love.mp3",vKwowKeEv5w,21057430
"Shawn Mendes - Wonder.mp3",r2H-M3ZqaGw,17148864
"Marshmello, Demi Lovato - OK Not To Be OK.mp3",TYGo1fToZ8Y,1999567
"Dua Lipa - Levitating (feat. DaBaby).mp3",e8WoWk4b3D0,164269733
"AFROJACK - Take Over Control (feat. Eva Simons) - Radio Edit.mp3",hKbxpFNGf-4,840167
"Why Don't We - Fallin’ (Adrenaline).mp3",d7sFBOXn5T0,5606597
"Zedd - Good Thing (with Kehlani).mp3",Hm8cUhc4tWM,22926797
"Zedd, Jasmine Thompson - Funny.mp3",EhofbISZeKs,15222042
"BTS - Dynamite.mp3",HaEYUJ2aRHs,171028347
"JC Stewart - Lying That You Love Me.mp3",0mdYYDZaMw8,587561
"Taylor Swift - Speak Now.mp3",Gh7u-KTWUq8,1517330
"Calvin Harris - Over Now (with The Weeknd).mp3",IoDBX8z_ZRo,7294786
"Marshmello - Be Kind (with Halsey).mp3",qGayx0PQ6J0,14284508
"Ava Max - Kings & Queens.mp3",azURmalkrSs,11764506
"Ava Max - Salt.mp3",xlY7Yd_-bRo,5441584
"Maroon 5 - Nobody's Love.mp3",1tdzeOcEhzI,7070293
"Jawsh 685, Jason Derulo - Savage Love (Laxed - Siren Beat).mp3",zfvfxA166eQ,65839711
"Sugarland - Stuck Like Glue.mp3",OKpJkUdXDiQ,6947761
"Dua Lipa - Break My Heart.mp3",NaaiI1y9QIo,78624976
"Miley Cyrus - Slide Away.mp3",-idH7SHyv-s,13131738
"Katy Perry - Daisies.mp3",dVxv63FUkFc,3446384
"Lady Gaga - Rain On Me (with Ariana Grande).mp3",DXnS8mqUDyQ,66418464
"Jonas Brothers - What A Man Gotta Do.mp3",chNCYjVudDA,19734257
"Rita Ora - Anywhere.mp3",F0w0--zLem0,9608841
"Bebe Rexha - You Can't Stop The Girl (From Disney's 'Maleficent- Mistress of Evil').mp3",gJMJuyW2nsQ,2108682
"Travis Scott - SICKO MODE.mp3",NQbkGDoD7B0,213352086
"Sam Smith - I’m Ready (with Demi Lovato).mp3",nJgmhvnjOPk,3896898
"Galantis - Rich Boy.mp3",OKII6_7C4c8,1325261
"Taylor Swift - You Need To Calm Down.mp3",1wgr1Bjxs7E,38771316
"Avicii - Bad Reputation (feat. Joe Janiak).mp3",kP7aqbs6THI,3960539
"Avicii - Heaven.mp3",lP4oM-YEvXk,23453201
"Blueface - Thotiana.mp3",tKNlKkMs6nM,14665345
"SZA, Game of Thrones - Power is Power (feat. The Weeknd & Travis Scott).mp3",r1LIFKNFt3Q,22268224
"Lady Gaga - Perfect Illusion.mp3",cQWY-bTSwtI,5717616
"Gwen Stefani, Akon - The Sweet Escape.mp3",E8ZKVj9WibU,323055
"Justin Timberlake - Cry Me a River.mp3",CIk45fEWBok,52723612
"The Chainsmokers - Call You Mine (feat. Bebe Rexha).mp3",P-P1C2Pm7vM,2428652
"Big Time Rush - Elevate.mp3",q10ndK7M_qY,1518278
"YUNGBLUD - 11 Minutes (with Halsey feat. Travis Barker).mp3",0bcYzHv2ra4,23554102
"Khalid - Saturday Nights.mp3",vy0O0okHiXs,19984420
"Maroon 5 - What Lovers Do (feat. SZA).mp3",gmwel3cORvM,22203776
"Soulja Boy, Sammie - Kiss Me Thru The Phone.mp3",7BlM4aPnf2k,56946310
"Martin Garrix, Troye Sivan - There for You.mp3",fH1PcHx2kPY,28743205
"Carly Rae Jepsen - Party For One.mp3",FEvx20-F4fg,734429
"Zara Larsson - Ruin My Life.mp3",2H_-eBuAt54,4555469
"P!nk - Can We Pretend (feat. Cash Cash).mp3",5qTixcNkii8,3799897
"Zara Larsson - Don't Worry Bout Me.mp3",40lAFpITS-g,3743598
"Why Don't We, Macklemore - I Don't Belong In This Club.mp3",ztkXQCr8lrQ,4504540
"Thirty Seconds To Mars - Dangerous Night.mp3",MDGGVTuYsw4,1337391
"Avicii, Agnes, Vargas & Lagola - Tough Love.mp3",VrQWjIf55RA,2606655
"Martin Garrix - Summer Days (feat. Macklemore & Patrick Stump of Fall Out Boy).mp3",Jw32PfEnkm0,14390439
"Ed Sheeran - I Don't Care (with Justin Bieber).mp3",zhe4rpGZsz0,6106805
"Jonas Brothers - Sucker.mp3",73ouhDibImA,87927222
"Bebe Rexha - Last Hurrah.mp3",iak9FaU3-TA,10403406
"Bag Raiders - Shooting Stars.mp3",WRzhWmrFSjI,9172
"Shawn Mendes - If I Can't Have You.mp3",ORgOsy_9WB8,44050755
"Ava Max - So Am I.mp3",zU6BI2kB-l4,5488497
"Why Don't We - Big Plans.mp3",2WqWemjo0BA,6161366
"Kanye West - I Love It (& Lil Pump).mp3",qaNMoVGlsUU,24132821
"Lil Nas X - Old Town Road (feat. Billy Ray Cyrus) - Remix.mp3",TxcmdhjmnEE,104490622
"Alan Walker, Sabrina Carpenter, Farruko - On My Way.mp3",ZM8rAsTT7yE,2505430
"SHAUN - Way Back Home (feat. Conor Maynard) - Sam Feldt Edit.mp3",rQkAq2rl5J0,40155570
"Calvin Harris - Giant (with Rag'n'Bone Man).mp3",E55WQGiVKko,48427743
"DEV, Enrique Iglesias - Naked.mp3",VPSkoxT_B-c,26924
"Justin Timberlake - What Goes Around...Comes Around - Radio Edit.mp3",qKBMyal0ILA,9967984
"BLACKPINK - Kill This Love.mp3",z7e54L8usac,70070700
"Taylor Swift - ME! (feat. Brendon Urie of Panic! At The Disco).mp3",M3G1Y7VL200,8863926
"Khalid, Disclosure - Talk.mp3",tEpuiZm94OQ,75568312
"Taylor Swift - ...Ready For It.mp3",Is75wMxSo28,17784632
"Nico & Vinz - That's How You Know (feat. Kid Ink & Bebe Rexha).mp3",p2skGviqfUo,1279684
"Christina Perri - A Thousand Years (feat. Steve Kazee) - Pt. 2; The Twilight Saga- Breaking Dawn Soundtrack.mp3",WQjGcNBuv30,32062339
"Kygo, Parson James - Stole the Show.mp3",f1PWZ9hs1lc,6921249
"The Chainsmokers, Winona Oak - Hope.mp3",IDyQO0QuvKY,22009313
"Avicii, Aloe Blacc - SOS.mp3",CgiPuXwhhfY,15637269
"BLACKPINK - DDU-DU DDU-DU.mp3",IPzouyj7FLA,86979646
"The Chainsmokers, Kelsea Ballerini - This Feeling.mp3",9LxNbCb1WsA,34879812
"The Chainsmokers, 5 Seconds of Summer - Who Do You Love.mp3",rxSby7Cn864,657745
"Imagine Dragons - Natural.mp3",pXu6JC6-d_o,144038854
"Ed Sheeran - Eraser.mp3",Xr5n32SkzGQ,5242595
"Ed Sheeran - I See Fire.mp3",Pkv9n3fo6Lw,13742302
"Ed Sheeran - Photograph.mp3",SlbfAYvA_gI,155814343
"Auli'i Cravalho - How Far I'll Go.mp3",RxIkh6cNxg0,41496748
"Evanescence - Bring Me To Life.mp3",-eGM0IJc70Y,111781282
"Lauv, Troye Sivan - i'm so tired....mp3",8Glu4dyswcc,1197431
"Lady Gaga, Bradley Cooper - Shallow.mp3",DPXHMBKY39M,169693619
"Maroon 5 - Sunday Morning.mp3",U9-f4Mosb_A,44941148
"Ariana Grande - NASA.mp3",6Pd1ODrVazw,14287454
"Ariana Grande - bad idea.mp3",UjIzzi4WILI,14606325
"Ariana Grande - bloodline.mp3",4b_ugh-65NQ,13025177
"Ed Sheeran - Thinking out Loud.mp3",fdz_cabS9BU,161642721
"Seeb, Bastille - Grip.mp3",ngdn4BmYO5o,1163302
"OneRepublic - Rich Love (with Seeb).mp3",_vLGVbV_qYY,1036313
"Katy Perry - Thinking Of You.mp3",Gp5wVTNYmjk,1291101
"The Chainsmokers, Phoebe Ryan - All We Know.mp3",Gr6g3-6VQoE,22097300
"Ed Sheeran - Sing.mp3",wAVEsckRmwY,7639700
"Ed Sheeran - Don't.mp3",LHQWrmAZsxY,30511952
"Justin Timberlake - Not a Bad Thing.mp3",7GEjixjPYxA,3366459
"Kelly Clarkson - Catch My Breath.mp3",CxYdbFdpXxs,8636928
"Usher - More - RedOne Jimmy Joker Remix.mp3",yeNkkBof_Nc,10892606
"Rihanna - You Da One.mp3",26M5hI-lQ44,12880304
"Rihanna, David Guetta - Right Now.mp3",msP-3neCCUA,46377
"Miley Cyrus - Adore You.mp3",pHnVBC98nis,18379833
"Ariana Grande - 7 rings.mp3",XZ868t23Pb4,209051861
"Zedd, Katy Perry - 365.mp3",pyOHKa5Jmxc,17249943
"Marshmello - Ritual (feat. Wrabel).mp3",2Q-KiwU2jtM,3294643
"Idina Menzel - Let It Go - From 'Frozen'Soundtrack Version.mp3",qSU560anReg,51518563
"Cardi B, Bruno Mars - Please Me.mp3",zdCLmz-zEYM,78852958
"James Bay - Let It Go.mp3",PbRhlzlDz3o,59239693
"Billie Eilish - lovely (with Khalid).mp3",MMfpp0-lnw4,272410580
"Jonas Blue, Liam Payne, Lennon Stella - Polaroid.mp3",pFRgA8TMw7I,13518839
"Ellie Goulding - Close To Me (with Diplo) (feat. Swae Lee).mp3",_ESLe5Ub0IE,7133112
"Ariana Grande - break up with your girlfriend, i'm bored.mp3",4nbYqWVXp7Q,85011068
"Imagine Dragons - Bad Liar.mp3",I203G1sMGDg,106982593
"Sam Smith - Dancing With A Stranger (with Normani).mp3",Bd24VaftoMM,85578340
"Ava Max - Sweet but Psycho.mp3",hgQInx5xH5E,24854760
"Breakbot, Irfane - Baby I'm Yours.mp3",3vVSBLkpO-8,40574103
"Linkin Park - Waiting for the End.mp3",8NZ_24fU5nQ,3297809
"Taylor Swift - Today Was A Fairytale.mp3",rLiXLzd2Ol8,2533195
"Queen - Don't Stop Me Now - Remastered 2011.mp3",DxQK_ARQmMY,29838490
"Queen - Bohemian Rhapsody - Remastered 2011.mp3",utwMHfDZ6SA,17648340
"BTS - FAKE LOVE.mp3",NT8ePWlgx_Y,50135375
"Sam Smith - Money On My Mind.mp3",zr_PVZ_q2Qg,2629790
"Hailee Steinfeld, DNCE - Rock Bottom.mp3",ehkdV4pKRjU,4152
"Hailee Steinfeld - Back to Life - from 'Bumblebee'.mp3",10Jp-GBMd4k,1865111
"Hailee Steinfeld - Love Myself.mp3",Ik0zZta1hf0,10779873
"Hailee Steinfeld, Grey, Zedd - Starving.mp3",Pc9ZanZaViU,8751366
"Alan Walker, AuRa, Tomine Harket - Darkside.mp3",CXU7Xlf8wTI,75904936
"Jason Derulo - Don't Wanna Go Home.mp3",SlR5GJhD2bo,5171621
"Outkast - Hey Ya! - Radio Mix  Club Mix.mp3",8_NE2lBzAdc,315614
"Post Malone, Swae Lee - Sunflower - Spider-Man- Into the Spider-Verse.mp3",r7Rn4ryE_w8,268358767
"Steve Aoki - Waste It On Me (feat. BTS).mp3",WP7duqy60h8,59498910
"Dua Lipa, BLACKPINK - Kiss and Make Up.mp3",4O1uHMgJ0lE,37119250
"Sean Kingston - Beautiful Girls.mp3",_Wxfu7Th2S8,69209171
"Khalid - Better.mp3",NlkRk_943Y4,7348518
"Troye Sivan, Alessia Cara - WILD.mp3",0CDtmrpVcXo,69911
"Alessia Cara - Wild Things.mp3",Vqh6oMzwzlM,3572135
"Shawn Mendes, Zedd - Lost In Japan - Remix.mp3",LHdw3ptW4fk,7305363
"Colbie Caillat - Try.mp3",SoqQStglwkU,2526649
"Beyoncé - Love On Top.mp3",n0R5uUEjjCk,49379797
"Backstreet Boys - I Want It That Way.mp3",LwkrXybZ1uo,104899506
"Phillip Phillips - Home.mp3",9Fxfzqn--GU,1870950
"Ariana Grande - thank u, next.mp3",GftZ601-pXs,107048886
"Skrillex - Purple Lamborghini (with Rick Ross).mp3",KKsjoyB2y_o,1392969
"Maty Noyes - in my miNd.mp3",ZHGT1GdaiEM,1071625
"Silk City, Diplo, Mark Ronson - Electricity (with Dua Lipa).mp3",vgAnkS_czC8,20200369
"Disclosure, Lorde - Magnets.mp3",IgbcymSTbHU,11672
"Portugal. The Man - Feel It Still.mp3",OPKTk5vUtDY,86586176
"Kesha - Praying.mp3",Hk5p3JeiiVY,20059750
"David Guetta - Don't Leave Me Alone (feat. Anne-Marie).mp3",rTa2mtxZZRA,9888980
"Ariana Grande - breathin.mp3",8axQACbVkrk,38695013
"Drake - God's Plan.mp3",FrsOnNxIrg8,182096220
"Ghost Town DJs - My Boo - Hitman's Club Mix.mp3",c4kx_Gqbg5Y,20952680
"Major Lazer - Light It Up (feat. Nyla & Fuse ODG) - Remix.mp3",Snsuey0WBnU,6076398
"Galantis, Throttle - Tell Me You Love Me.mp3",ZlzXPf-6AdQ,2578399
"David Guetta - Play Hard (feat. Ne-Yo & Akon) - New Edit.mp3",5dbEhBKGOtY,1154889160
"Lauv - Chasing Fire.mp3",DDZsrjrhT7E,698303
"The Script - Breakeven.mp3",QtATgELejV8,24609536
"DJ Khaled, Justin Bieber, Quavo, Chance the Rapper - No Brainer.mp3",vfxZhSaDx7c,22497548
"Baauer - Harlem Shake.mp3",78PjJ1soEZk,3325676
"DJ Snake - A Different Way (with Lauv).mp3",H8cce0_kPg0,166381
"Lauv - There's No Way (feat. Julia Michaels).mp3",PaQhO1PA8CQ,426326
"Halsey - Without Me.mp3",Tk7WFyHUr1E,136766596
"Troye Sivan - Dance To This (feat. Ariana Grande).mp3",uzO5baQ_0bc,11648027
"Matchbox Twenty - She's so Mean.mp3",KCdPYV9bLPI,4145757
"Marshmello, Bastille - Happier.mp3",QgKYZWRH4DA,206862170
"Rihanna - Bitch Better Have My Money.mp3",yaGdH6U743c,2098714
"Daniel Powter - Bad Day.mp3",-reIEyYxgxA,23504598
"Jason Mraz - I Won't Give Up.mp3",bvQiXNnf78M,23800207
"Charli XCX, Troye Sivan - 1999.mp3",NbMWnSxGd4w,2969396
"Martin Garrix - Ocean (feat. Khalid).mp3",ZURA7fT-ozM,22306730
"That Poppy - Lowlife.mp3",4mnVWUn0jkY,3102951
"Joakim Molitor, Cher Lloyd - 4U.mp3",CHE97WcXPBU,10164
"Carly Rae Jepsen - Your Type.mp3",P2IMlyGsmA0,750620
"Carly Rae Jepsen - Cut To The Feeling.mp3",Jg4bxoyywyA,3043348
"Carly Rae Jepsen - Emotion.mp3",ehDzin_giDE,425223
"Carly Rae Jepsen - Tonight I’m Getting Over You.mp3",2rxFYYhT7qg,267985
"Carly Rae Jepsen, Justin Bieber - Beautiful.mp3",x_nMqtXrzUg,7355
"OneRepublic - Stop And Stare.mp3",qcXyXXOCiqQ,5679833
"Why Don't We - 8 Letters.mp3",HdLZ4UBF73g,16709753
"One Direction - History.mp3",UF8_w8jGkbM,16604852
"One Direction - Perfect.mp3",0L0OD9EhEPE,25682106
"Kygo - Stranger Things (feat. OneRepublic).mp3",aq-xMGqKWJc,1536604
"AFROJACK, Mike Taylor - SummerThing!.mp3",_A8kFL56mhg,690506
"OneRepublic - If I Lose Myself - Alesso vs OneRepublic.mp3",GRQQ6izM32s,827911
"Hailee Steinfeld - Let Me Go (with Alesso, Florida Georgia Line & watt).mp3",5yM-6ZwBX-Y,19753726
"Christina Perri - A Thousand Years.mp3",TA1W-pHNKl8,120587636
"Christina Perri - distance.mp3",vur_2H_uz5g,200796
"Jason Mraz, Colbie Caillat - Lucky.mp3",GSL6p4MLv2w,5961925
"Jonas Blue, Dakota - Fast Car.mp3",rkE_oBe8ABw,30735485
"Galantis, Hook N Sling - Love on Me.mp3",5_3im3V5RI4,4400834
"Jonas Blue, RAYE - By Your Side.mp3",Xm3KrJNcA2o,3805385
"P!nk - Just Like Fire.mp3",iM_kZ930uic,34457677
"David Guetta, Sia - Light Headed.mp3",sgJcWNreoiY,135782
"Jason Derulo, David Guetta - Goodbye (feat. Nicki Minaj & Willy William).mp3",2Xv82iXnx88,2029109
"David Guetta, Bebe Rexha, J Balvin - Say My Name.mp3",02KV2gnZ5X0,20426608
"David Guetta, Sia - Flames.mp3",cJHJtV_6VQI,18389950
"Axwell  Ingrosso, Axwell, Sebastian Ingrosso - Sun Is Shining.mp3",7e-A7y9WesI,7472178
"will.i.am, Miley Cyrus, French Montana, Wiz Khalifa, Mustard - Feelin' Myself.mp3",jSVEQ7vkCvY,6406839
"Greyson Chance - Waiting Outside The Lines.mp3",tBRor-LMl9U,1730
"Alesso - REMEDY.mp3",1PvylIHWJgw,6600921
"Selena Gomez - Slow Down.mp3",agQP0V9sTx0,12044891
"Ellie Goulding - On My Mind.mp3",vldTITuD4k8,9814728
"Nick Jonas, Tinashe - Jealous - Remix.mp3",-NmLwwHabqE,678978
"Owl City - Vanilla Twilight.mp3",2BXRpq3MEGY,5767932
"Owl City - Shooting Star.mp3",5uH9Ig30Gzw,2928316
"Destiny's Child - Say My Name.mp3",Ajez9PaCgek,58870633
"James Arthur - Say You Won't Let Go.mp3",TUnEJM6W-Fw,208610053
"gnash - i hate u, i love u (feat. olivia o'brien).mp3",G3UeoZechSg,96800996
"Bruno Mars - When I Was Your Man.mp3",th92jw2CFOA,179118207
"Bazzi - Beautiful (feat. Camila Cabello).mp3",gDfBzCed95A,40685812
"Kygo, Miguel - Remind Me to Forget.mp3",4hABrYUT9ck,6112449
"Carly Rae Jepsen - Run Away With Me.mp3",N7aq7xxvm78,2257081
"Jamelia - Superstar.mp3",m7DjsP8Xr2k,3142319
"Taylor Swift - Getaway Car.mp3",FhPLQVlUiNQ,37621738
"Post Malone - Better Now.mp3",0tTn95TLIaw,166463725
"Drake - In My Feelings.mp3",az6m9IE8h4o,76344672
"benny blanco - Eastside (with Halsey & Khalid).mp3",74qn0eJSjpA,89369021
"Charlie Puth - The Way I Am.mp3",EQnk-h-LCpQ,64905349
"Alessia Cara - Growing Pains.mp3",NdQ9KWWqNSw,2241832
"Jonas Blue, Jack & Jack - Rise.mp3",lrviWgYgwH0,57125387
"Paperplane Pursuit - Feel Good.mp3",ZzFJuyma6JA,1226
"Shawn Mendes - Mercy.mp3",CrsHpUoG8qI,71377
"Shawn Mendes - Youth (feat. Khalid).mp3",SxUOW87Xmzc,149523
"Shawn Mendes - There's Nothing Holdin' Me Back.mp3",Ztdc7TcPdAA,196876229
"Machine Gun Kelly - Bad Things (with Camila Cabello).mp3",oYvtDpsE7Nk,8203514
"The Weeknd - Pray For Me (with Kendrick Lamar).mp3",FL-0pJsDz7k,23905980
"Khalid - Love Lies (with Normani).mp3",Yv0x3kdWbTg,105261496
"Maroon 5, Kendrick Lamar - Don't Wanna Know.mp3",VbFMlxAZXXo,15924777
"Cheat Codes - Only You (with Little Mix).mp3",MV6_H_xg4ME,146893
"Ariana Grande - God is a woman.mp3",vpohuhgqf5w,91286502
"Ed Sheeran, Rudimental - Bloodstream.mp3",84UjXR6KbtE,855850
"Dwayne Johnson - You're Welcome.mp3",5Txvbp3lgws,43012337
"Zedd, Elley Duhé - Happy Now.mp3",xo4T7qXxGsA,19692542
"Fort Minor - Where'd You Go (feat. Holly Brook & Jonah Matranga).mp3",kBDuuyMrhHs,6474167
"Kesha - C'Mon.mp3",9XYlXaKK4ps,3185422
"Clean Bandit - Solo (feat. Demi Lovato).mp3",GvdKeZO8IzM,68583845
"Panic! At The Disco - High Hopes.mp3",GJY8OMJXRAk,203437852
"Lady A - Need You Now.mp3",YBGKwMAtdHI,32205781
"Bebe Rexha - I'm a Mess.mp3",GhL8GUjXEfk,72497942
"The Band Perry - If I Die Young.mp3",Ti2KD2hWsSY,18802790
"Lauv - Paris in the Rain.mp3",DbEzC025MWU,6444953
"NF - Let You Down.mp3",-z2nfin2hiI,98039222
"Shawn Mendes - Stitches.mp3",DqO1lLavWGo,159476126
"Black Eyed Peas - Just Can’t Get Enough.mp3",e6ztG5kjUZo,38508266
"Sara Bareilles - King of Anything.mp3",dtQd_pBZ1Fk,3672216
"Fitz and The Tantrums - HandClap.mp3",5AtkWnBjGBU,59617757
"The Chainsmokers - Paris.mp3",Dfiw7EmRTC4,56582468
"Marshmello, Anne-Marie - FRIENDS.mp3",lPaFesZWRug,126281451
"Anne-Marie - 2002.mp3",ee2mcqcGL_c,115882608
"Camila Cabello - Real Friends.mp3",j6xtLriV3uU,7954186
"Meghan Trainor - Lips Are Movin.mp3",rhdNaw38AnE,6986755
"Selena Gomez - Same Old Love.mp3",ZvUGidGKnBI,17281977
"Shawn Mendes - Treat You Better.mp3",5tmyy5-uRoE,185573
"Kygo - It Ain't Me (with Selena Gomez).mp3",5p1KZAp0H-g,14462814
"The Chainsmokers, Coldplay - Something Just Like This.mp3",PkjaBCLOAec,11421743
"Ariana Grande - Dangerous Woman.mp3",Uyka5SnxmQ4,41271195
"Ariana Grande, Mac Miller - The Way.mp3",MBc7Ykm31hE,15385608
"Ariana Grande, The Weeknd - Love Me Harder.mp3",QLgCXrBa7WA,2710371
"Far East Movement, Marshmello, CHANYEOL, Tinashe - Freal Luv.mp3",FWBZ9FCaN8o,1006349
"Bebe Rexha - Meant to Be (feat. Florida Georgia Line).mp3",6SM4zqFDLzM,136207
"Drake, Wizkid, Kyla - One Dance.mp3",ki0Ocze98U8,189862816
"Adele - Hello.mp3",yjo_aXygRDI,34926048
"P!nk - What About Us.mp3",qMiMReYr4lE,51512613
"John Legend - All of Me.mp3",sQtnhwU2R9Y,300534764
"Little Mix - Shout Out to My Ex.mp3",4piAcuj0SIg,22998519
"The Chainsmokers, Halsey - Closer.mp3",r7zTKRonHXM,160413654
"Niall Horan - Slow Hands.mp3",npN-QbYggb4,25623
"Vance Joy - Riptide.mp3",MsTWpbR_TVE,296843639
"The Weeknd - Call Out My Name.mp3",ZtEtKXhhtS4,132916636
"The Chainsmokers, Drew Love - Somebody.mp3",AzQ7-a_NDao,12025957
"Maroon 5 - Girls Like You (feat. Cardi B) - Cardi B Version.mp3",FTc-eIS2zQI,147445
"Lady Gaga - The Cure.mp3",etWtj3kAojE,3298772
"The Weeknd, Daft Punk - Starboy.mp3",3_g2un5M350,265768164
"Julia Michaels - Issues.mp3",EFWmcBHQ8UU,30658727
"Panic! At The Disco - Hey Look Ma, I Made It.mp3",GXPRTZoIU1w,33739356
"Natalie La Rose, Jeremih - Somebody.mp3",q8eIJToLBAk,132271
"Dua Lipa - IDGAF.mp3",GRRU11cFNOQ,77953492
"Taylor Swift - Look What You Made Me Do.mp3",117xdufmtMY,76419688
"Imagine Dragons - Thunder.mp3",9ssQKlLxBdQ,329779333
"ZAYN, Taylor Swift - I Don’t Wanna Live Forever (Fifty Shades Darker) - From 'Fifty Shades Darker (Original Motion Picture Soundtrack)'.mp3",J2dqEK7pdBQ,71612456
"ZAYN - Let Me.mp3",LcBTGTzlD9I,7845399
"Naughty Boy, Sam Smith - La La La.mp3",4dmT9D6Upzs,11214136
"Shakira - Whenever, Wherever.mp3",fFW91xwQFXk,55162736
"5 Seconds of Summer - Youngblood.mp3",CXNv4_wQjKQ,62102198
"Sam Smith, John Legend - Lay Me Down.mp3",c82Ay3AeCso,4645481
"Sam Smith - Stay With Me.mp3",7hkL4zDCKhs,94432324
"Sam Smith - I'm Not The Only One.mp3",67ibXO8viXE,208547811
"Sam Smith - Too Good At Goodbyes.mp3",pmc93sA80HI,44345816
"Wonder Girls - Nobody (Eng Ver.).mp3",tn7rzN8ABuo,156905
"Martin Garrix, Dua Lipa - Scared to Be Lonely.mp3",vFFT1iAUNDE,113920320
"Martin Garrix, Bebe Rexha - In the Name of Love.mp3",4u4d4GWdpo8,150416219
"Liam Payne, J Balvin - Familiar.mp3",DEH6mhe9dVs,4441247
"Selena Gomez - Back To You.mp3",miUhh2fKVYE,49800817
"Charlie Puth - How Long.mp3",7gBadWs9Bu8,18267556
"Calvin Harris - One Kiss (with Dua Lipa).mp3",XWCPbRsMb0Q,125920253
"Avicii - The Days.mp3",YLzS4nbMLKw,10277231
"Britney Spears - Ooh La La (from 'The Smurfs 2').mp3",B3RCkvR2mvk,5304026
"Taylor Swift - Delicate.mp3",IJnjYpgSfjQ,25220562
"Liam Payne - For You (Fifty Shades Freed) (& Rita Ora).mp3",kOy2Lt2-foU,18347575
"Alan Walker, Noah Cyrus, Digital Farm Animals - All Falls Down (feat. Juliander).mp3",hK9mMhcLdiY,37511812
"Taylor Swift - Back To December.mp3",VtTRcWXSBwc,40488183
"Louis Tomlinson - Back to You (feat. Bebe Rexha & Digital Farm Animals).mp3",4shkZqdB5GY,17479423
"Rain Man - Bring Back the Summer (feat. OLY).mp3",5C3u3JF71Wo,7693
"Colbie Caillat - Bubbly.mp3",KUqYuGYT0wI,12102
"Akon - Sorry, Blame It On Me.mp3",km1dvRb6sZs,10506727
"Rudimental - These Days (feat. Jess Glynne, Macklemore & Dan Caplen).mp3",v9I83RpXZ3o,44874459
"Rae Sremmurd, Gucci Mane - Black Beatles.mp3",7hCdjhQ1_Gc,10146986
"Daya - New.mp3",FDMbYuBmK-k,2075085
"Sia, Kendrick Lamar - The Greatest.mp3",t4z2NghfBvQ,68018984
"Marshmello - Alone.mp3",OBs1Fb8adGQ,38468747
"Marshmello, Khalid - Silence.mp3",MbT_grBSt38,93522810
"Charlie Puth - We Don't Talk Anymore (feat. Selena Gomez).mp3",s_bXICg0mnQ,93284
"Charlie Puth - Attention.mp3",vxUBYHz_q1I,84250886
"Twenty One Pilots - Stressed Out.mp3",K1FlAphL2p8,283315740
"Post Malone - Psycho (feat. Ty Dolla $ign).mp3",d1wy6LWfHAs,130278585
"Post Malone, 21 Savage - rockstar.mp3",AaxFIY-cWH0,206099421
"Taylor Swift - Eyes Open.mp3",BYbAaqAkGwg,531635
"Anna Kendrick - Cups (Pitch Perfect’s “When I’m Gone”) - Pop Version.mp3",0Md0E5icspA,7568467
"The Wanted - Walks Like Rihanna.mp3",mIwTWfUFgTk,827789
"Fall Out Boy - Uma Thurman.mp3",r1AZQKsXKTY,20834650
"Fall Out Boy - Thnks fr th Mmrs.mp3",j7aQDJLjiD4,41765641
"David Guetta - Dangerous (feat. Sam Martin).mp3",lynrdSt6sus,1030305
"Charlie Puth - Marvin Gaye (feat. Meghan Trainor).mp3",HlRjYI2TXUs,11685172
"Foster The People - Pumped Up Kicks.mp3",rnO-MflYxCw,347650845
"Lorde - Royals.mp3",cVWOEx4Xdhs,115379769
"Fergie, will.i.am - Fergalicious.mp3",9AOYTybjIso,17797257
"Gwen Stefani - Hollaback Girl.mp3",7YQESUr8Cxc,25967969
"David Archuleta - A Little Too Not Over You.mp3",adNzZIBdXss,3144618
"Bruno Mars - Finesse - Remix; feat. Cardi B.mp3",GIfa9Y4vxi8,72255191
"Kendrick Lamar - All The Stars (with SZA).mp3",vdXsLt0o_9g,40099333
"Eminem - River (feat. Ed Sheeran).mp3",3QQt55D4J_Y,42510887
"Ariana Grande - no tears left to cry.mp3",t31xgKtLjwo,70331154
"Avicii - Levels - Radio Edit.mp3",xAgv1mAyxr8,19098874
"Phineas and the Ferbtones - Gitchee Gitchee Goo.mp3",aVxZ1iCVdDE,192992
"Enrique Iglesias, Nicole Scherzinger - Heartbeat.mp3",BL48nsB0RRo,2094100
"One Direction - Rock Me.mp3",CBpSGsT7L6s,9667815
"Alessia Cara - Here.mp3",dI5JaT6gjvw,20856880
"Carly Rae Jepsen - This Kiss.mp3",45KeCS3XFMY,16605
"Zedd - Stay (with Alessia Cara).mp3",KlvA8oikziM,32695
"Zedd, Maren Morris, Grey - The Middle.mp3",rYPQtWOcGmQ,71919912
"Chaleeda - Pretty Boy.mp3",RoSEvE4N7E4,12659
"Louis Tomlinson - Miss You.mp3",BfZrmV9Gf3I,5075629
"Victorious Cast - Make It Shine (Victorious Theme) (feat. Victoria Justice).mp3",jHVuE_BmsVA,10253923
"Miranda Cosgrove - Leave It All To Me (Theme from iCarly) (feat. Drake Bell).mp3",sIxNEls_YUw,7208102
"Miranda Cosgrove - Kissin U.mp3",Ns0U9P7FE9c,2466260
"Coldplay - Every Teardrop Is a Waterfall.mp3",PYnF66Ssi-A,9166340
"Troye Sivan - YOUTH.mp3",73tryw6-H6I,15121
"Rita Ora - Your Song.mp3",4HHZEx-NIzU,9488399
"Kesha - Your Love Is My Drug.mp3",Gp-V1PqVQXs,16716610
"Christina Aguilera - Your Body.mp3",XaSWjJq99XM,5693237
"Khalid - Young Dumb & Broke.mp3",YhK2NwPIdt4,180611986
"3OH!3 - YOU'RE GONNA LOVE THIS.mp3",rWAP7nyauZ0,460
"Cobra Starship - You Make Me Feel... (feat. Sabi).mp3",TxAtljpiU68,3902627
"DJ Snake, AlunaGeorge - You Know You Like It.mp3",AxQ6pUmh61Q,20761673
"Jax Jones, RAYE - You Don't Know Me - Radio Edit.mp3",bN6vq2Yywzg,2280237
"Taylor Swift - You Belong With Me.mp3",wKoHR305w_c,21516961
"LMFAO - Yes.mp3",SRxD6WWWgGI,1589
"Lorde - Yellow Flicker Beat - From The Hunger Games- Mockingjay Part 1.mp3",YYKD-xf0JOk,5200655
"Usher - Yeah! (feat. Lil Jon & Ludacris).mp3",XGXZOQ8yTU4,147815978
"Chris Brown - Yeah 3x.mp3",fmYLvHnh8bQ,6614896
"Tinie Tempah - Written in the Stars (feat. Eric Turner).mp3",mwZIYkVUH60,1528414
"Miley Cyrus - Wrecking Ball.mp3",iqXxfOnk-Z4,72870897
"Fifth Harmony - Worth It (feat. Kid Ink).mp3",aVM8-TXXxsQ,132345875
"Big Time Rush - Worldwide.mp3",pCBrT5YbFok,5247408
"Fifth Harmony - Work from Home (feat. Ty Dolla $ign).mp3",c5l4CGQozWY,118045008
"Britney Spears - Work Bitch.mp3",2lLBLjn3FCI,28270306
"Oasis - Wonderwall - Remastered.mp3",q_c6hQD7aAw,62103
"Selena Gomez, Marshmello - Wolves.mp3",3ZJ1PkZt3M8,91703140
"David Guetta - Without You (feat. Usher).mp3",PU7wXoJ5hmE,7225611
"Avicii - Without You (feat. Sandro Cavazza).mp3",VeMyjkJr9EA,117895
"Cher Lloyd - With Ur Love (feat. Mike Posner).mp3",HFVtWUaqvEU,1006102
"Avril Lavigne - Wish You Were Here.mp3",aGrV3nD-opQ,18318789
"Taylor Swift - Wildest Dreams.mp3",5izLeUM5sHo,10478974
"Pitbull - Wild Wild Love (feat. G.R.L.).mp3",15d_uBGPy6U,1998510
"Flo Rida - Wild Ones (feat. Sia).mp3",c2S1x2kTYJM,35789234
"Jason Derulo - Wiggle (feat. Snoop Dogg).mp3",-9oc6c_5oR4,14544808
"Katy Perry - Wide Awake.mp3",5YH4YCqcPjI,30647070
"David Guetta - Who's That Chick (feat. Rihanna).mp3",N0wIMl8OaIw,4415913
"Selena Gomez & The Scene - Who Says.mp3",m4p0WNN9p-Y,24291968
"Flo Rida - Whistle.mp3",6Y24X4oTQLA,94713487
"David Guetta - Where Them Girls At (feat. Nicki Minaj & Flo Rida).mp3",EWzJB8gtasw,1077152
"Black Eyed Peas - Where Is The Love.mp3",RuPr33Jk2A4,22958535
"Rihanna - Where Have You Been.mp3",DxC-PpNdwxo,69000271
"Jack Ü, Skrillex, Diplo - Where Are Ü Now (with Justin Bieber).mp3",vkX6yFVFRYY,34486870
"Avril Lavigne - When You're Gone.mp3",9ep1pjnt2nI,20521851
"Jason Derulo - Whatcha Say.mp3",0Yko_0qwFFQ,11488383
"Adam Lambert - Whataya Want from Me.mp3",kgd0rzJ0Ss8,7971879
"Rihanna, Drake - What's My Name.mp3",N7IxlspnaQw,23157545
"Mizz Nina - What You Waiting For (feat. Colby O'donis).mp3",ukLJeTqNHnA,2435455
"Avril Lavigne - What the Hell.mp3",a0y_T4H3Pto,22482963
"One Direction - What Makes You Beautiful.mp3",d57qSDCxVA4,70756196
"Linkin Park - What I've Done.mp3",qu0k38VMaV4,48376341
"Justin Bieber - What Do You Mean.mp3",TwNBjK2UIq0,97783
"Austin Mahone - What About Love.mp3",2PEG82Udb90,165436741
"My Chemical Romance - Welcome to the Black Parade.mp3",v_uncMEJkBc,65102102
"Taylor Swift - Welcome To New York.mp3",L0N3C6DsisQ,2792967
"Calvin Harris - We'll Be Coming Back (feat. Example).mp3",PDmUyYHl2Co,143073
"Travie McCoy - We'll Be Alright.mp3",OdPEBHseB74,16365
"Havana Brown, Pitbull - We Run The Night.mp3",c4NNr4gduUM,1863270
"Kesha - We R Who We R.mp3",Utj4Caf7HiY,14627398
"The Wanted - We Own The Night.mp3",pNt0KFlWv2c,1150098
"Rihanna, Calvin Harris - We Found Love.mp3",UUpuyzPJeWA,9809688
"Miley Cyrus - We Can't Stop.mp3",5bUuvZkJyRI,85405545
"fun. - We Are Young (feat. Janelle Monáe).mp3",f_K_0SNaRk0,141138425
"Taylor Swift - We Are Never Ever Getting Back Together.mp3",65Q7EdWnjqM,27994746
"Bebe Rexha - The Way I Are (Dance with Somebody) (feat. Lil Wayne) - Spotify Version.mp3",g6xvHG8nd5U,227532068
"Wave Your Flag - Wavin' Flag.mp3",gfmZP3GtT0k,2610
"Mr. Probz - Waves - Robin Schulz Radio Edit.mp3",pUjE9H8QlA4,571295706
"Mr. Probz - Waves.mp3",XuF7isXseVk,3015773
"Silentó - Watch Me (Whip  Nae Nae).mp3",2l0S_ybdeFY,150387
"Tiësto, Matthew Koma - Wasted.mp3",jcdhZCU8WUg,32443
"Cher Lloyd - Want U Back.mp3",VGBAQ5uDquE,16724635
"Jason Derulo - Want to Want Me.mp3",yO_w_2n2Pm4,31237256
"Avicii - Wake Me Up - Radio Edit.mp3",2NiyrtYegso,134752980
"Shakira - Waka Waka (This Time for Africa) [The Official 2010 FIFA World Cup (TM) Song] (feat. Freshlyground).mp3",Z_slTWayFK0,1788858
"Avicii - Waiting For Love.mp3",iR1sAex__VA,117826442
"Coldplay - Viva La Vida.mp3",zOQ4ld6NsXE,32207655
"Nicki Minaj - Va Va Voom.mp3",wdlBoRko9W0,5435202
"Mark Ronson - Uptown Funk (feat. Bruno Mars).mp3",tYvFa2ARD24,141696853
"Thirty Seconds To Mars - Up In The Air.mp3",mzJvWFNv9Fo,541536
"The Chainsmokers, Tritonal, Emily Warren - Until You Were Gone.mp3",aoyqL7UUiFw,134429
"French Montana, Swae Lee - Unforgettable.mp3",48ydDUQ16RE,217385983
"Calvin Harris, Alesso - Under Control (feat. Hurts).mp3",UGT6v4No9U8,46372678
"Katy Perry - Unconditionally.mp3",ikNySpZ8veM,23472830
"Rihanna, JAY-Z - Umbrella.mp3",xXD5tltX9Pg,78312271
"Justin Bieber - U Smile.mp3",tGFzyhrUGVs,4442587
"Boys Like Girls - Two Is Better Than One (feat. Taylor Swift).mp3",wRGeQvA4Vvw,6327315
"Chris Brown - Turn Up the Music.mp3",GpiOnf47zfw,12983012
"Far East Movement, Cover Drive - Turn Up The Love.mp3",ShHv3NhuA74,471965
"David Guetta - Turn Me On (feat. Nicki Minaj).mp3",zASQ9hYM41U,6071449
"DJ Snake, Lil Jon - Turn Down for What.mp3",MGuM2SlZBJ4,85344610
"Shakira - Try Everything.mp3",230sI_WxO7Y,24008394
"P!nk - Try.mp3",Bk0PL3fmMdw,56964182
"Jason Derulo - Trumpets.mp3",6vqVJtiNn7I,5392964
"Olly Murs - Troublemaker (feat. Flo Rida).mp3",EJRfHWI2S-s,23646479
"Bruno Mars - Treasure.mp3",cy6Arnjp-hQ,35373427
"Britney Spears - Toxic.mp3",tVdr_JWmnsA,138449647
"Little Mix - Touch.mp3",6xK83YYlf-o,19222490
"DNCE - Toothbrush.mp3",pARorXfG3Sc,9199879
"Hot Chelle Rae - Tonight Tonight.mp3",pkxU4tnwQPw,16443797
"Outasight - Tonight Is the Night.mp3",5CvmOW0Hx2A,392238
"Enrique Iglesias, Ludacris, DJ Frank E - Tonight (I'm Fuckin' You).mp3",-yFj3FvoOWY,7022389
"GROUPLOVE - Tongue Tied.mp3",UCcGuJzewCo,45199571
"Justin Timberlake - TKO.mp3",guU5cYnvONs,2772461
"David Guetta - Titanium (feat. Sia).mp3",m98S5Cd7Jiw,22073280
"Alan Walker, Gavin James - Tired.mp3",9DyTU26FQlk,10192196
"Pitbull, Ne-Yo - Time of Our Lives.mp3",Cz_-eTAWr9A,55111100
"Pitbull, Kesha - Timber (feat. Ke$ha).mp3",GcYF1xnmZTI,105680814
"Britney Spears - Till the World Ends.mp3",Q-7NZgEwdk8,9894675
"Kesha - TiK ToK.mp3",u5uSlUKBEDc,84282616
"Michelle Williams - Tightrope.mp3",-RGAt_FOWoc,518739
"Macklemore & Ryan Lewis - Thrift Shop (feat. Wanz).mp3",27WDAYaVS-s,70233639
"David Guetta - This One's for You (feat. Zara Larsson) (Official Song UEFA EURO 2016).mp3",B5jniFnIkFE,15767147
"Maroon 5 - This Love.mp3",AqQuRw0S6b4,75370729
"Calvin Harris, Rihanna - This Is What You Came For.mp3",inCm3ByI17o,157234290
"Armin van Buuren, Trevor Guthrie - This Is What It Feels Like.mp3",1SN3-qR3Bq0,10101650
"Katy Perry - This Is How We Do.mp3",NIWOv6yiorE,6106508
"will.i.am, Justin Bieber - #thatPOWER.mp3",L-eaQggkTSM,18332452
"Bruno Mars - That's What I Like.mp3",JucvYrdSIcM,184320766
"Fifth Harmony - That's My Girl.mp3",-vfGd6msyS4,34640389
"Justin Bieber - That Should Be Me.mp3",2Xulk9Ahqmc,9619468
"MKTO - Thank You.mp3",sRQYZ8UOUSc,1162162
"AFROJACK, Wrabel - Ten Feet Tall.mp3",XUaHrefzJzQ,4515040
"Lady Gaga, Beyoncé - Telephone.mp3",XkGIneCJRlc,18351370
"Katy Perry - Teenage Dream.mp3",rccXm7qcXEs,9245436
"Taylor Swift - Teardrops On My Guitar.mp3",CbkvLYrEvF4,21700659
"Twenty One Pilots - Tear in My Heart.mp3",-olL71GgdXQ,20836038
"Lorde - Team.mp3",zTz_qdgEgMg,27300991
"Jordin Sparks - Tattoo.mp3",Uy7TV6cox6w,8419632
"Tove Lo - Talking Body.mp3",oWCufhMxezk,28417
"Jason Derulo - Talk Dirty (feat. 2 Chainz).mp3",CfmuAVNdYx8,28179682
"Lawson - Taking Over Me.mp3",uqsSKINniQQ,7973879
"Enrique Iglesias, Ciara - Takin' Back My Love.mp3",WDjjKW1N1Bc,4039450
"Mizz Nina - Takeover (feat. Flo Rida).mp3",JxsbCs1XHJo,308842
"Cash Cash - Take Me Home (feat. Bebe Rexha).mp3",F73BOsvHJts,1286454
"Kesha - Take It Off.mp3",GgGPuuGNPAE,32266819
"Rihanna - Take A Bow.mp3",pY6Rlu0SZRc,59956661
"Clean Bandit - Symphony (feat. Zara Larsson).mp3",-SttFgyRNCI,104717249
"Katy Perry, Nicki Minaj - Swish Swish.mp3",sLGHGkcvDPs,13590872
"Calvin Harris - Sweet Nothing (feat. Florence Welch).mp3",roxBUtykXyY,13562358
"The Neighbourhood - Sweater Weather.mp3",cULQhvuq1Zc,279246615
"Jason Derulo - Swalla (feat. Nicki Minaj & Ty Dolla $ign).mp3",ycQqiLpEbZI,106668920
"Cash Cash - Surrender.mp3",QiQXjU0VCKI,499205
"The Script - Superheroes.mp3",tmbEePmIFkI,31530167
"Nicki Minaj - Super Bass.mp3",dzuQ5ustJVM,25862838
"Lana Del Rey - Summertime Sadness [Lana Del Rey vs. Cedric Gervais] - Cedric Gervais Remix.mp3",jgHYgDFD0xo,33522501
"Calvin Harris - Summer.mp3",KSgKKSny0Qo,118430098
"Maroon 5 - Sugar.mp3",MozAXGgC1Mc,36569274
"Taylor Swift - Style.mp3",hYt5NSjWKds,10063310
"Kelly Clarkson - Stronger (What Doesn't Kill You).mp3",ffmOr4-bbbA,56305489
"Liam Payne, Quavo - Strip That Down.mp3",fZMf9i5N9Ec,34746251
"One Direction - Story of My Life.mp3",8M3Vlnu_i3c,43569309
"Paramore - Still into You.mp3",tv7yHglIDsc,38667041
"ZAYN - Still Got Time (feat. PARTYNEXTDOOR).mp3",2A1GryNreGA,1456674
"One Direction - Steal My Girl.mp3",gnN_jiesIkM,35373184
"Zedd - Stay The Night - Featuring Hayley Williams Of Paramore.mp3",1z-cnsnJxt0,10141379
"Rihanna, Mikky Ekko - Stay.mp3",2aLO6Ecof4s,64506285
"Nicki Minaj - Starships.mp3",v0kjCEZ0-3g,17471025
"Muse - Starlight.mp3",2G9_5ZQYXVY,23958299
"Kygo, Justin Jesso - Stargazing.mp3",CsD1NmRbROE,325048
"Lawson - Standing In The Dark.mp3",dtg-kjLpyj4,2142790
"Rachel Platten - Stand By You.mp3",Or2DEll2-V4,13522488
"Zedd, Matthew Koma - Spectrum.mp3",HfbKF_Jcbhk,5470417
"LMFAO - Sorry For Party Rocking.mp3",C-FwdnHPR3U,3246599
"Justin Bieber - Sorry.mp3",v16qZcBllUU,91268368
"Audien, Lady A - Something Better.mp3",MHTEuz7aAAA,895876
"Adele - Someone Like You.mp3",UQ8cXH7qbVU,67801542
"Justin Bieber - Somebody To Love.mp3",bp5SRjnAjrw,12072658
"Gotye, Kimbra - Somebody That I Used To Know.mp3",jg51kFe7CWU,65395811
"fun. - Some Nights.mp3",O8g_iLP_9go,30702152
"Iyaz - Solo.mp3",GyEWzGrKDnE,1628799
"P!nk - So What.mp3",BQ2P1K7Yl00,28272790
"Ne-Yo - So Sick.mp3",c610JhPElxc,21917967
"B.o.B - So Good.mp3",tMBAtbxPQEk,3567250
"Martin Garrix, David Guetta - So Far Away (feat. Jamie Scott & Romy Dya).mp3",DiTBXQXjZ0M,32750994
"Avril Lavigne - Smile.mp3",62JzZiD-b2A,6279750
"Akon, Eminem - Smack That.mp3",5HZ7QBnMX34,87793057
"Calvin Harris, Funk Wav - Slide (feat. Frank Ocean & Migos).mp3",VRAU3CtiRq8,23180753
"Fifth Harmony - Sledgehammer.mp3",fSeNobqXogM,12428521
"Demi Lovato - Skyscraper.mp3",g8oyC2g5V64,9845952
"Coldplay - A Sky Full of Stars.mp3",KWuyx6yZ21U,110098489
"Daya - Sit Still, Look Pretty.mp3",N9jf_Z4GD4s,9850625
"Kelly Clarkson - Since U Been Gone.mp3",p0BiGek2bKA,25066085
"Ariana Grande, Nicki Minaj - Side To Side.mp3",psuGCpXaDMU,87052374
"Rihanna - Shut Up And Drive.mp3",W-dVPdwVetU,5625969
"WALK THE MOON - Shut Up and Dance.mp3",GGsuLVlLObc,97699498
"Becky G - Shower.mp3",arYQrVEFwHI,31485018
"Lenka - The Show.mp3",kU0P2P5dtjE,1104907
"LMFAO, Lil Jon - Shots.mp3",EU7O7lpRo-M,19139929
"Tal Bachman - She's so High.mp3",jmB9-99_9Y8,9424693
"David Guetta - She Wolf (Falling to Pieces) [feat. Sia].mp3",Fgs1cOMulQc,3127318
"Maroon 5 - She Will Be Loved.mp3",--fQSlp8BJQ,134060
"5 Seconds of Summer - She Looks So Perfect.mp3",XUsDlE9ka1A,19706380
"Ne-Yo, Juicy J - She Knows.mp3",TBCVDrvkwq4,10505036
"Ed Sheeran - Shape of You.mp3",xTvyyoF_LZY,354483918
"Taylor Swift - Shake It Off.mp3",1nFxMuPYeKA,18311207
"Ne-Yo - Sexy Love.mp3",b5UQ-pz16Nk,23541373
"David Guetta - Sexy Bitch (feat. Akon).mp3",tWgNjm0DYjs,20677736
"LMFAO - Sexy And I Know It.mp3",NqiTCzvTk6I,15734939
"The Chainsmokers, XYLØ - Setting Fires.mp3",hXm1DpOcVhU,2601102
"Adele - Set Fire to the Rain.mp3",uJdu4Lfy8aI,92985252
"The Chainsmokers - #SELFIE.mp3",RK4Vplud0SM,23456473
"Wiz Khalifa - See You Again (feat. Charlie Puth).mp3",RgKAFK5djSk,5882176693
"OneRepublic - Secrets.mp3",UTRF-w-0HdA,17256772
"Little Mix - Secret Love Song (feat. Jason Derulo).mp3",cqzeOpfdh-0,31829920
"will.i.am, Britney Spears - Scream & Shout.mp3",ED-XKgdt6-4,33964717
"Usher - Scream.mp3",0J0kHvK3shw,11738137
"Alessia Cara - Scars To Your Beautiful.mp3",EDRBluZnyys,106404013
"Austin Mahone - Say You're Just a Friend (feat. Flo Rida).mp3",Po3h5nObU50,95242986
"A Great Big World, Christina Aguilera - Say Something.mp3",-2U0Ivkn2Ds,637102205
"Swedish House Mafia - Save The World.mp3",9TJGY8_22Kk,4351118
"Capital Cities - Safe And Sound.mp3",njvA03rMHx4,156968070
"Taylor Swift, The Civil Wars - Safe & Sound - from The Hunger Games Soundtrack.mp3",iMk_6hOXqlU,3903098
"Rihanna - S&M.mp3",q_MtePol92o,49279945
"Galantis - Runaway (U & I).mp3",h8rxsShxan4,34984441
"MAGIC! - Rude.mp3",3WzamI8QD2s,100438781
"The Chainsmokers, ROZES - Roses.mp3",TfdFUMxRzqU,33906248
"Adele - Rolling in the Deep.mp3",x9Qv47HpEqw,36211940
"Ayo & Teo - Rolex.mp3",PYIJhau0Rz4,41781850
"Far East Movement, Ryan Tedder, Ruff Loaderz - Rocketeer.mp3",rveqk0fBwfM,11572336
"Clean Bandit - Rockabye (feat. Sean Paul & Anne-Marie).mp3",mVw5KiGwqaQ,83333530
"Avril Lavigne - Rock N Roll.mp3",n-V1luBgA6A,6389494
"Katy Perry - Roar.mp3",6nJuUdc2qNg,56685961
"Nicole Scherzinger - Right There.mp3",--3ylSL6I_Q,222739
"Flo Rida, Kesha - Right Round (feat. Ke$ha).mp3",CcCw1ggftuQ,228346360
"Akon - Right Now (Na Na Na).mp3",A4Ht3QurVx4,26191529
"Jason Derulo - Ridin' Solo.mp3",KdQMg6ojo3I,11036292
"Twenty One Pilots - Ride.mp3",w1Smzzw_w7Q,165026571
"Zac Efron, Zendaya - Rewrite The Stars.mp3",RbimXGH5zkE,44678311
"Iyaz - Replay.mp3",4FqGpT3yhUI,61941270
"Tiësto - Red Lights.mp3",1Gb6MIuWpW8,21538428
"Taylor Swift - Red.mp3",ySAT-PlKx0Q,4614692
"Hoobastank - The Reason.mp3",qQ0zxuWFxrY,70162138
"Demi Lovato, Cher Lloyd - Really Don't Care.mp3",tTmJoiCIebg,12555082
"Clean Bandit - Rather Be (feat. Jess Glynne).mp3",ulfpZaWnDo4,80117
"Eminem - Rap God.mp3",MBJFPq2Llps,75840543
"P!nk - Raise Your Glass.mp3",Ch_NfEOxzh4,22008482
"Pitbull - Rain Over Me (feat. Marc Anthony).mp3",soIys2qaWhs,37469389
"Imagine Dragons - Radioactive.mp3",3Yb2-CWjrME,65797682
"Rita Ora - R.I.P. (feat. Tinie Tempah).mp3",2uKoxtmXl-Y,731090
"Charice - Pyramid (feat. Iyaz).mp3",PXfan6ytpuI,1322748
"Ariana Grande, Iggy Azalea - Problem.mp3",JxqiCA-gcPI,72277546
"MARINA - Primadonna.mp3",spKRdILp-sE,5971316
"Jessie J, B.o.B - Price Tag.mp3",5rcmr-eX2-Y,6899679
"Iyaz - Pretty Girls (feat. Travie McCoy).mp3",5KKGkAtfM8c,2700788
"Britney Spears, Iggy Azalea - Pretty Girls.mp3",QiacO0UdLmg,3775082
"Cody Simpson - Pretty Brown Eyes.mp3",QoHX3dUlsnk,998753
"Calvin Harris - Pray to God (feat. HAIM).mp3",OWE7Pe6lEis,7839864
"Justin Bieber - Pray.mp3",zJsK40R8z9o,126768
"Nicki Minaj - Pound The Alarm.mp3",Yw-sVB-s0YY,3310796
"Bastille - Pompeii.mp3",imLrtJ2o5Ik,28010219
"Lady Gaga - Poker Face.mp3",oG-4Uvhm4lI,82984698
"ZAYN - PILLOWTALK.mp3",fSKtPBRV1gE,34955608
"Jonas Blue, JP Cooper - Perfect Strangers.mp3",naY7omm4-iI,48126839
"Ed Sheeran - Perfect.mp3",ORrFJ63nlcA,271096872
"Galantis - Peanut Butter Jelly.mp3",nAXP8wb7VWI,10486201
"Katy Perry - Peacock.mp3",oO85INxfR_Y,1255823
"Maroon 5, Wiz Khalifa - Payphone.mp3",3ssXSY7f3s4,22646205
"LMFAO, Lauren Bennett, GoonRock - Party Rock Anthem.mp3",3JDHlCcn-UY,567483
"Miley Cyrus - Party In The U.S.A..mp3",R1kOdTm9FBk,34445238
"Katy Perry - Part Of Me.mp3",N_-ekxYq93c,39895175
"Coldplay - Paradise.mp3",Q0TEUMPIhk8,116933404
"Lady Gaga - Paparazzi.mp3",28jp-30w8Lg,22609074
"Desiigner - Panda.mp3",X7UqPXvWUzw,103486402
"Calvin Harris - Outside (feat. Ellie Goulding).mp3",lMQH_xmx1zE,67264496
"Taylor Swift - Out Of The Woods.mp3",PJnnK-cnj-A,1783996
"Hugh Jackman, Zac Efron - The Other Side.mp3",jRdQDTpQbLU,38205076
"Jason Derulo - The Other Side.mp3",5AJRS3_TbZw,3986193
"Britney Spears - Oops!...I Did It Again.mp3",wsHbHR3Os6U,85798001
"Rihanna - Only Girl (In The World).mp3",JhCA0y_ya6w,51257255
"Justin Bieber - One Time.mp3",IIY0yDePTpw,35587314
"One Direction - One Thing.mp3",mpdIaUzG1RQ,17516105
"Katy Perry - The One That Got Away.mp3",64wxAbbWNag,8679172
"Daft Punk - One More Time.mp3",fa5IWHDbftI,44368778
"Maroon 5 - One More Night.mp3",bZQhz98nfhU,19136094
"Justin Bieber - One Less Lonely Girl.mp3",eAQAAKON87Y,15755920
"Ariana Grande - One Last Time.mp3",KEGZVv6KXL0,75383192
"Imagine Dragons - On Top Of The World.mp3",5UQHCgpG5eY,9176671
"Jennifer Lopez, Pitbull - On The Floor.mp3",9lybsz-7TFM,47912718
"Usher, will.i.am - OMG.mp3",LwRESsl132c,30468336
"Linkin Park - Numb.mp3",Q7cQU86CDB0,53890709
"The Script - Nothing.mp3",t1TvDJfm6jQ,2741013
"B.o.B - Nothin' on You (feat. Bruno Mars).mp3",wQJIkbvUVPQ,57016096
"I'm Not Afraid - Not Afraid.mp3",jk8B5DEOZTo,10024
"Jessie J - Nobody's Perfect.mp3",k06LAzMp2No,53498
"Cheat Codes - No Promises (feat. Demi Lovato).mp3",jn40gqhxoSY,215711824
"Alicia Keys - No One.mp3",6NU-th_NJNs,16991040
"Galantis - No Money.mp3",LsCHjlYw2oM,43354202
"One Direction - No Control.mp3",eyZF7LoMtNE,17159995
"Jordin Sparks - No Air (feat. Chris Brown).mp3",A0BoBjtX3RM,19965592
"Avicii - The Nights.mp3",W4C-NEWrnSQ,108498139
"Nicki Minaj - The Night Is Still Young.mp3",M4zjR3oELWQ,2227281
"Redfoo - New Thang.mp3",GfjkIeLJg-Q,20757349
"Dua Lipa - New Rules.mp3",ZqYGW8uXL0I,166951291
"Taylor Swift - New Romantics.mp3",yLFYiN-JOJU,4442666
"Linkin Park - New Divide.mp3",8ZBnwBVjwOk,41678555
"Justin Bieber, Jaden - Never Say Never.mp3",cOaxD3VFSOs,13017758
"Maroon 5 - Never Gonna Leave This Bed.mp3",MK8kxhzaVN4,1190952
"Sia - Never Give Up.mp3",zop68ggCjuk,20646019
"Zara Larsson, MNEK - Never Forget You.mp3",ogKU5EQ0Wn0,40607834
"Loren Allred - Never Enough.mp3",LmwcJ3UsX48,38876503
"Cobra Starship - Never Been in Love (feat. Icona Pop).mp3",o4wBEMrebh8,96206
"Demi Lovato - Neon Lights.mp3",BB1Q5XjCOho,8963607
"Calvin Harris - My Way.mp3",aTEa2CgmsMA,89595707
"Fall Out Boy - My Songs Know What You Did In The Dark (Light Em Up).mp3",6LUon6zLyTM,68888729
"Kelly Clarkson - My Life Would Suck Without You.mp3",4Fgm8KCBoEw,981849
"Avril Lavigne - My Happy Ending.mp3",APe922QQTN0,22190987
"Alexandra Stan - Mr. Saxobeat - Radio Edit.mp3",yFoElsPalQM,5673278
"Maroon 5, Christina Aguilera - Moves Like Jagger - Studio Recording From 'The Voice' Performance.mp3",AH5n69Z81u8,21165071
"Ne-Yo - Miss Independent.mp3",qXIIoN5X3YU,33409536
"Maroon 5 - Misery.mp3",qHCHVHkTpbo,7312881
"Justin Timberlake - Mirrors - Radio Edit.mp3",_1y7F0ZzXYo,9998495
"Bazzi - Mine.mp3",xzsIhN3mf-E,25368324
"Taylor Swift - Mine.mp3",xZkfuu1DkVI,434349
"Chaleeda - Mind Over Matter.mp3",wFVdG8LptNs,7142
"Otto Knows - Million Voices - Radio Edit.mp3",BXtPDbt7qIc,873688
"Ziv Zaifman, Hugh Jackman, Michelle Williams - A Million Dreams.mp3",C6omQWF_aR0,8794984
"The Vamps, Martin Jensen - Middle Of The Night.mp3",onpi4FlpmZs,1154277
"DJ Snake, Bipolar Sunshine - Middle.mp3",N5SC0seO8jg,27671082
"Black Eyed Peas - Meet Me Halfway.mp3",jzjIJ56wi-k,13882656
"Taylor Swift - Mean.mp3",SmYrZl1mD-8,4738293
"G-Eazy, Bebe Rexha - Me, Myself & I.mp3",6wCe1Iv-a5E,108815998
"Rixton - Me And My Broken Heart.mp3",ooE8Og_tWgk,85027473
"Jessie J - Masterpiece.mp3",zt1RA8jrny0,4690287
"Bruno Mars - Marry You.mp3",nkz0M4TS7oA,39746151
"Jason Derulo - Marry Me.mp3",_Ksk4l2rwlw,5225226
"Maroon 5 - Maps.mp3",UDxjtx1A6ZU,23526179
"Big Shaq - Man's Not Hot.mp3",CX3BKKxYTYw,9578750
"The Script - The Man Who Can't Be Moved.mp3",uAYUfGWD9SM,30461915
"Jonas Blue, William Singe - Mama.mp3",RH-Rco7s8v8,52346977
"B.o.B - Magic (feat. Rivers Cuomo).mp3",otN4OgzQpvM,4699288
"Coldplay - Magic.mp3",219pQObZq2I,17375387
"Zara Larsson - Lush Life.mp3",RG-D4bcg54s,48935166
"Flo Rida - Low (feat. T-Pain).mp3",uUL8a7eJCk8,62962360
"David Guetta - Lovers on the Sun (feat. Sam Martin).mp3",sL9qtKcCwzo,1016316
"Lady Gaga - LoveGame.mp3",EJilqoZ3ExY,21798921
"Justin Bieber - Love Yourself.mp3",p-IXgwqhfmg,131827323
"Selena Gomez & The Scene - Love You Like A Love Song.mp3",XhGior4O2eM,122163675
"Skylar Grey - Love The Way You Lie - Part III (Original Demo).mp3",VceiWmB2VuY,924291
"Rihanna, Eminem - Love The Way You Lie (Part II) - Pt. 2.mp3",RGIs8WQYIl0,4970853
"Eminem, Rihanna - Love The Way You Lie.mp3",RnkShwdXfyc,98418429
"Taylor Swift - Love Story.mp3",8xg3vE8Ie_E,675179145
"Sara Bareilles - Love Song.mp3",RGS7FcfmkTY,11398096
"Maroon 5 - Love Somebody.mp3",gwKGYGUZNNI,5050149
"OneRepublic - Love Runs Out.mp3",emDPKHO8Mco,8625282
"Ellie Goulding - Love Me Like You Do - From 'Fifty Shades Of Grey'.mp3",6eW99oNNRvI,124969857
"The Ready Set - Love Like Woe.mp3",p7xobG8T04o,2379289
"Boys Like Girls - Love Drunk.mp3",zh1s8oTT6uM,3802824
"Avicii - Lonely Together (feat. Rita Ora).mp3",uEpmJhUXn-E,10142
"Akon - Lonely.mp3",2CgESv5CYUw,40412754
"Bruno Mars - Locked out of Heaven.mp3",GKsR3A1zyjo,26216702
"R. City - Locked Away (feat. Adam Levine).mp3",wTR_tymnbac,94295564
"One Direction - Live While We're Young.mp3",blCNvso3UDU,14698476
"Far East Movement, Justin Bieber - Live My Life.mp3",kcnTUUcPxDg,319740
"Krewella - Live for the Night.mp3",MV-ZkFYNNto,1898260
"Of Monsters and Men - Little Talks.mp3",KtDmEy7R_c8,15822258
"David Guetta - Little Bad Girl (feat. Taio Cruz & Ludacris).mp3",SzVSTyxQ0rk,8007553
"Far East Movement, The Cataracs, DEV - Like A G6.mp3",lSOsaeGwWaw,37792260
"Ellie Goulding - Lights - Single Version.mp3",HbrX49BZd30,12295377
"Bad Meets Evil, Bruno Mars - Lighters.mp3",qJHiMGomJ_A,18770005
"Calvin Harris - Let's Go (feat. Ne-Yo).mp3",wieyD_um51Q,2730464
"Ne-Yo - Let Me Love You (Until You Learn To Love Yourself).mp3",nyjWKvIvpB8,10988745
"DJ Snake, Justin Bieber - Let Me Love You.mp3",rJ0D1GbDq1Q,130452980
"Major Lazer - Lean On (feat. MØ & DJ Snake).mp3",KzcIwbDRUGA,22836754
"Bruno Mars - The Lazy Song.mp3",sLRtf41L12A,51122179
"Rudimental - Lay It All on Me (feat. Ed Sheeran).mp3",FxLq2fKOX0M,721576
"Disclosure, Sam Smith - Latch.mp3",NoL-V7QPVaE,721608
"Katy Perry - Last Friday Night (T.G.I.F.).mp3",6RMt2II3QXQ,6339810
"Jessie J, David Guetta - LaserLight.mp3",fKOi_8QlsGc,83463
"LMFAO - La La La.mp3",xvEWezhc4Og,1560733
"Major Lazer - Know No Better (feat. Travis Scott, Camila Cabello & Quavo).mp3",Sgp0WDMH88g,113546216
"One Direction - Kiss You.mp3",JRKapXmiQlk,19295366
"Selena Gomez - Kill Em With Kindness.mp3",7Nv9BxZTDsE,14730082
"Avril Lavigne - Keep Holding On.mp3",5VRVPHWI9Dc,10210576
"The Chainsmokers, sirenXX - Kanye.mp3",KxSvXGR-uJU,21401
"Bruno Mars - Just the Way You Are.mp3",MgDShkdoOC0,17417713
"Steve Aoki, Louis Tomlinson - Just Hold On.mp3",3pQLMqRn_pw,4110116
"P!nk - Just Give Me a Reason (feat. Nate Ruess).mp3",a1pWN2ixeVY,112794953
"Lady Gaga, Colby O'Donis - Just Dance.mp3",ACNwMzZejQQ,50814316
"Nelly - Just A Dream - Main.mp3",ueWWNDG13Ts,59061315
"Simple Plan - Jet Lag (feat. Natasha Bedingfield).mp3",aSKRZWVbiF8,423091
"Christina Perri - Jar of Hearts.mp3",tbMI5bzVv8A,14819361
"A.R. Rahman, The Pussycat Dolls, Nicole Scherzinger - Jai Ho! (You Are My Destiny).mp3",pNtMTsdLZJ8,11651849
"Imagine Dragons - It's Time.mp3",l9EhLOvxUSI,23704780
"Bruno Mars - It Will Rain.mp3",JcBFicOvhos,25711283
"Jason Derulo - It Girl.mp3",cLZFSeNsrWI,14680814
"Linkin Park - Iridescent.mp3",eQ-wKdlUCXQ,1056131
"Machine Gun Kelly, Ester Dean - Invincible.mp3",9KSEcICBTbo,3472643
"Ariana Grande - Into You.mp3",Faq-ODnfIPw,38972122
"Pitbull - International Love (feat. Chris Brown).mp3",Hg2g6ix6frY,4341765
"Linkin Park - In the End.mp3",BLZWkjBXfN8,182862625
"DEV - In The Dark.mp3",VDqT-bnsZcE,1751384
"Jason Derulo - In My Head.mp3",n0qKGsrJ8ho,5178467
"Shontelle - Impossible - Main.mp3",vQuD4lCDDXc,5207032
"Fall Out Boy - Immortals.mp3",e6vkFbtSGm0,52732190
"Timbaland - If We Ever Meet Again (Featuring Katy Perry).mp3",9fyof4itbgA,1717156
"OneRepublic - If I Lose Myself.mp3",KdZ5-vrAH6Q,4880745
"Adam Lambert - If I Had You.mp3",g6_2Rygz38Y,8400348
"Jason Mraz - I'm Yours.mp3",y_NnTs4_W5s,76400415
"DJ Khaled - I'm the One (feat. Justin Bieber, Quavo, Chance the Rapper & Lil Wayne).mp3",OeOg5R4bDWg,23628260
"Jennifer Lopez, Lil Wayne - I'm Into You.mp3",_1v-_-JjLnA,3253035
"AronChupa, Little Sis Nora - I'm an Albatraoz.mp3",pw3ngo2Y4lU,5328808
"Justin Bieber - I'll Show You.mp3",yLFQOW7yo4Y,5988968
"Rita Ora - I Will Never Let You Down.mp3",-YLzrq7y0ek,7260770
"Zedd, Selena Gomez - I Want You To Know.mp3",7NMrrRQqzN0,11420443
"Akon, Snoop Dogg - I Wanna Love You.mp3",Tpcpl44bIbY,26591198
"Britney Spears - I Wanna Go.mp3",u-H2PWF0dro,20817140
"Mike Posner - I Took A Pill In Ibiza - Seeb Remix.mp3",Ah0srVZq9ac,109309749
"Carly Rae Jepsen - I Really Like You.mp3",6mrBqUZBrW8,12387349
"Calvin Harris - I Need Your Love (feat. Ellie Goulding).mp3",e3atZ1OXfHU,3374373
"Clean Bandit - I Miss You (feat. Julia Michaels).mp3",9VKIm0sWW4U,28359911
"Icona Pop - I Love It (feat. Charli XCX).mp3",QMzkaOY0bKA,7990363
"OneRepublic - I Lived.mp3",R9LJ2sBD0F8,9545658
"Lauv - I Like Me Better.mp3",1-fDgT5ze84,11820351
"Hot Chelle Rae - I Like It Like That (feat. New Boyz).mp3",Xvs5YJ7-two,2007004
"Enrique Iglesias, Pitbull - I Like It.mp3",I8PvZvorlb8,3082702
"Taylor Swift - I Knew You Were Trouble.mp3",VmBoTeLsKfs,34260492
"Katy Perry - I Kissed A Girl.mp3",usvTbqTHwyw,51198269
"The Lonely Island, Akon - I Just Had Sex.mp3",6eEnOk_C9wU,2915541
"Black Eyed Peas - I Gotta Feeling.mp3",OIPmhkzN2ug,26565154
"Bebe Rexha - I Got You.mp3",jDM4Y7pZaDk,23111344
"The Weeknd, Daft Punk - I Feel It Coming.mp3",0QnRe7RqPI0,860563
"Flo Rida - I Cry.mp3",HaYa0jU5nWU,16792381
"David Guetta - I Can Only Imagine (feat. Chris Brown & Lil Wayne).mp3",zQYQa_sIgVI,785265
"Coldplay - Hymn for the Weekend.mp3",H3Kzh6RrnMc,165718390
"Kendrick Lamar - HUMBLE..mp3",H4RELGc9su8,116985366
"Christina Perri - human.mp3",V5H9Abe32Q8,6800333
"Rita Ora - How We Do (Party).mp3",f2bB4tiMa9A,510673
"The Fray - How to Save a Life.mp3",ae7AACP1-R0,21378985
"Calvin Harris, Disciples - How Deep Is Your Love.mp3",o2eD7WNYqfQ,124377638
"Drake - Hotline Bling.mp3",uxpDa-c-4Mc,1927551811
"Pitbull - Hotel Room Service.mp3",nqWFKms5J_M,28081808
"Katy Perry - Hot N Cold.mp3",C-jAPrdc3PI,41468816
"Hot Chelle Rae - Honestly.mp3",xrBcDzi1Ltc,562132
"Selena Gomez & The Scene - Hit The Lights.mp3",r-v744Zj3BU,3408544
"Shakira - Hips Don't Lie (feat. Wyclef Jean).mp3",gnUDvKEdke8,99693885
"G-Eazy - Him & I (with Halsey).mp3",NdSJ1pyaAH8,99847387
"The Weeknd - The Hills.mp3",GfiJowcJiVw,158026994
"Taio Cruz, Kylie Minogue - Higher.mp3",P4p4iQJNlhk,3970964
"Train - Hey, Soul Sister.mp3",_2qJy5r-WAY,85481538
"Plain White T's - Hey There Delilah - Bonus Track.mp3",1w7uxtRqPFE,1218
"David Guetta - Hey Mama (feat. Nicki Minaj, Bebe Rexha & Afrojack).mp3",JNJgBIKeIiQ,20323492
"Avicii - Hey Brother.mp3",OjpX8ILe2N4,30508213
"Pitbull - Hey Baby (Drop It to the Floor) (feat. T-Pain).mp3",TlYVZWExYE8,18805217
"Alesso, Tove Lo - Heroes (we could be).mp3",y0VAozNZN3Q,17017358
"Avril Lavigne - Here's to Never Growing Up.mp3",fLUB-1R53-c,10867110
"Avril Lavigne - Hello Kitty.mp3",Jhykgcbapg0,5122852
"Karmin - Hello.mp3",k_FXJp_mFtA,1104970
"Sia - Helium (Sia vs. David Guetta & Afrojack).mp3",-9vmkiEUo5A,1475954
"Boys Like Girls - Heels Over Head - Original Mix.mp3",KnUvIbdN6NI,632776
"Linkin Park - Heavy (feat. Kiiara).mp3",uEITghr7Rxg,9111223
"Twenty One Pilots - Heathens.mp3",oLeROuCMwj8,213707293
"Kelly Clarkson - Heartbeat Song.mp3",Y1sjTuzANHY,5870826
"Selena Gomez - The Heart Wants What It Wants.mp3",HOMyx_730qg,44277927
"Demi Lovato - Heart Attack.mp3",8DmPZaCLMcE,22591080
"Camila Cabello - Havana (feat. Young Thug).mp3",mJLDjIWuPXU,189822373
"Pharrell Williams - Happy.mp3",dJqxQzxLbHM,105896209
"Taio Cruz, Flo Rida - Hangover.mp3",5ydnBckk_yM,18982794
"James Newton Howard, Jennifer Lawrence - The Hanging Tree.mp3",6Jq5VoLtolk,4515621
"Beyoncé - Halo.mp3",Ws0sCcEf-XQ,42818806
"The Script - Hall of Fame (feat. will.i.am).mp3",snx5qGUtVi8,89456711
"Tove Lo - Habits (Stay High).mp3",2V01j6bMYJg,32771325
"Bruno Mars - Grenade.mp3",1EKgh8X6k_c,57880902
"Pitbull - Greenlight (feat. Flo Rida & LunchMoney Lewis).mp3",4VUgsULQ7ZA,7738418
"Hugh Jackman, Keala Settle, Zac Efron, Zendaya, The Greatest Showman Ensemble - The Greatest Show.mp3",KjjexAtzXgk,18610294
"Boys Like Girls - The Great Escape.mp3",VIKYDJtG0xY,10467818
"Sean Paul - Got 2 Luv U (feat. Alexis Jordan).mp3",GFLu2OyPszY,2541718
"Taylor Swift - Gorgeous.mp3",2VeekpO-JQM,9856975
"Owl City, Carly Rae Jepsen - Good Time.mp3",0MvAVDX6r_k,170861
"G-Eazy - Good Life (with G-Eazy & Kehlani).mp3",RmsDf9XKpp4,182310
"OneRepublic - Good Life.mp3",DiwjnCOu2-E,6125932
"Bastille - Good Grief - Don Diablo Remix.mp3",Hs1fLEpapOA,176
"Cobra Starship - Good Girls Go Bad (feat. Leighton Meester).mp3",A5QKrv6TPPE,3443323
"Selena Gomez, A$AP Rocky - Good For You.mp3",04UZKDcjAJA,8592581
"Flo Rida - Good Feeling.mp3",Q_mQxKviRJM,65981796
"Fergie, Ludacris - Glamorous.mp3",kE4a0xJb2yA,24697433
"The Wanted - Glad You Came.mp3",mKZCVTQC8E0,219849
"Demi Lovato - Give Your Heart A Break.mp3",ne_jRAHABx0,30576930
"Pitbull - Give Me Everything (feat. Ne-Yo, Afrojack & Nayer).mp3",E2lX1ZovtcA,101985448
"Madonna, Nicki Minaj, M.I.A. - Give Me All Your Luvin'.mp3",5CqrcjxeEoU,1571653
"Avril Lavigne - Girlfriend.mp3",g0TiuFwX0r8,23921912
"Alicia Keys - Girl On Fire (feat. Nicki Minaj) - Inferno Version.mp3",OCVMBdIzTc0,18303611
"Alicia Keys - Girl on Fire.mp3",mVuSfxqpZa4,37496899
"Adam Lambert - Ghost Town.mp3",lDoXekDxHIU,2058892
"Daft Punk - Get Lucky (Radio Edit) [feat. Pharrell Williams and Nile Rodgers].mp3",G1BtknM1N3A,21196293
"Zedd - Get Low (with Liam Payne).mp3",12whwKaVhZU,2985498
"Dillon Francis, DJ Snake - Get Low.mp3",5Tm_Q1MbODw,14650730
"Sheppard - Geronimo.mp3",HM0TxWiah_Q,8254152
"PSY - Gentleman.mp3",Y7n5JX0zxSw,23931132
"Flo Rida - GDFR (feat. Sage the Gemini & Lookas).mp3",Lq-33dD1b4Q,41992670
"PSY - Gangnam Style (강남스타일).mp3",qrAu8XvaPjc,49036
"Ed Sheeran - Galway Girl.mp3",K0WAS1pyocY,62908202
"Lily Allen - Fuck You.mp3",vxGYSyZ8VkM,2197500
"Justin Bieber - Friends (with BloodPop®).mp3",sa-x3SVn-XM,10576982
"Ylvis - The Fox (What Does the Fox Say).mp3",W20gcM6_UtQ,24919238
"Drake, Kanye West, Lil Wayne, Eminem - Forever.mp3",SAg17X8EQ_Q,9670450
"Ariana Grande - Focus.mp3",-JPoGJSwmBQ,25568006
"Jessie J - Flashlight - From 'Pitch Perfect 2' Soundtrack.mp3",y0tXCytFes4,7037946
"Coldplay - Fix You.mp3",Oncu0bgdcXU,60694708
"Deorro, Chris Brown - Five More Hours.mp3",UB76LwBEy9E,3295036
"Kygo, Ellie Goulding - First Time.mp3",50zqGA054Eg,1478909
"Katy Perry - Firework.mp3",S23IzDZBuBQ,5850053
"Owl City - Fireflies.mp3",KWLGyeg74es,47399298
"Enrique Iglesias, Sammy Adams - Finally Found You.mp3",4Y9KIWhkXRc,883307
"Gym Class Heroes - The Fighter (feat. Ryan Tedder).mp3",11bZBgP6IYA,328045
"Rachel Platten - Fight Song.mp3",y5h_dukaB1I,38600090
"Calvin Harris, Funk Wav - Feels (feat. Pharrell Williams, Katy Perry & Big Sean).mp3",fqqcXP1D0Fw,59880540
"Maroon 5 - Feelings.mp3",44wSdAM_DeI,556768
"Pitbull - Feel This Moment (feat. Christina Aguilera).mp3",r90Wwl2MPq0,25557167
"Calvin Harris - Feel So Close - Radio Edit.mp3",Nh_bdvA8cVM,44909190
"BIGBANG - Fantastic Baby.mp3",oM4KBLQRCM8,15563165
"Iggy Azalea, Charli XCX - Fancy.mp3",OiQaqB_AVcA,25826354
"Alan Walker - Faded (Restrung).mp3",NhT_sCA4TuQ,2198963
"Alan Walker - Faded.mp3",pIWaVJPl0-c,136615896
"P!nk - Fkin' Perfect.mp3",9MmXiG5CrbY,31712245
"CeeLo Green - Fuck You.mp3",SSxZBEeugtk,25070
"Elle King - Ex's & Oh's.mp3",QyeT_pAPgwg,60196158
"Taylor Swift, Ed Sheeran - Everything Has Changed.mp3",y2-erDjl4HU,7672328
"Neon Trees - Everybody Talks.mp3",JwlHM8TvFE4,33157684
"The Chainsmokers - Everybody Hates Me.mp3",NV6juli30WM,6272838
"Sia - Elastic Heart.mp3",g40o6EpiEtM,103539614
"Justin Bieber, Sean Kingston - Eenie Meenie.mp3",7fOGiOST3EE,53173063
"Lady Gaga - The Edge Of Glory.mp3",t0yemidZdjg,5608954
"Fatboy Slim - Eat, Sleep, Rave, Repeat (feat. Beardyman) - Calvin Harris Remix.mp3",NIcW36J-h7Q,8556941
"Fatboy Slim, Riva Starr - Eat Sleep Rave Repeat (feat. Beardyman).mp3",zu9PnkWZrC4,39687
"Grandtheft, Delaney Jane - Easy Go.mp3",Ac5lNMOUIWw,372563
"Katy Perry, Kanye West - E.T..mp3",7XI4B2ckhog,33426010
"Taio Cruz - Dynamite.mp3",3MrY_BwLChk,66977159
"ZAYN - Dusk Till Dawn (feat. Sia) - Radio Edit.mp3",j-0kLu3O7qU,109000507
"Train - Drive By.mp3",ct1SIHfjzvM,35951808
"One Direction - Drag Me Down.mp3",TN5Ye9pQhlM,37950784
"Macklemore & Ryan Lewis, Macklemore, Ryan Lewis, Grandmaster Melle Mel - Downtown (feat. Melle Mel, Grandmaster Caz, Kool Moe Dee & Eric Nally).mp3",l-uVkrzo8eU,13727421
"Fifth Harmony, Gucci Mane - Down.mp3",h0yxQrjAwQY,5703366
"Jay Sean, Lil Wayne - Down.mp3",DQ514qIthSc,33544693
"3OH!3 - DONTTRUSTME.mp3",aKEiLZdPO10,343687
"Swedish House Mafia, John Martin - Don't You Worry Child - Radio Edit.mp3",3mWbRB3Y4R8,66804146
"Chris Brown - Don't Wake Me Up.mp3",k-NjyUEIpaI,6240305
"Pitbull - Don't Stop the Party (feat. TJR).mp3",8dTmPIBNG4M,4604059
"Rihanna - Don't Stop The Music.mp3",C75J03JXz24,79594159
"Akon - Don't Matter.mp3",oadfmOPGjOY,33818717
"Martin Garrix - Don't Look Down (feat. Usher).mp3",_BAr64ZPsoE,17131505
"The Chainsmokers, Daya - Don't Let Me Down.mp3",CpTr4USXjQw,245581671
"Nicole Scherzinger - Don't Hold Your Breath.mp3",R23xXJDq0-o,346511
"Black Eyed Peas - Don’t Stop The Party.mp3",LuHeqUP_t7s,28261574
"Jessie J - Domino.mp3",lzcKFXZDbmQ,6008977
"Usher, Pitbull - DJ Got Us Fallin' In Love.mp3",yqsJsO8H-oA,43423462
"David Guetta, AFROJACK - Dirty Sexy Money (feat. Charli XCX & French Montana).mp3",5-rRCyfm6K8,1824318
"Enrique Iglesias, Usher - Dirty Dancer.mp3",GjI73NSoalo,320574
"Kesha - Die Young.mp3",Bgy3NB4c4ms,4054505
"Tino Coury - Diary.mp3",oySLQZgC6e0,18017
"Rihanna - Diamonds.mp3",4mVo93E9wpU,111589497
"Dawin, Silentó - Dessert - Remix.mp3",leXKhdHI_0U,1772026
"Luis Fonsi, Daddy Yankee, Justin Bieber - Despacito - Remix.mp3",FdMG84qN_98,14582007
"Imagine Dragons - Demons.mp3",J1aVXLHQRd4,54223826
"Meghan Trainor - Dear Future Husband.mp3",EyUldX3PJng,28966114
"Maroon 5 - Daylight.mp3",DrSJKj1S_fE,3463552
"Katy Perry, Juicy J - Dark Horse.mp3",gxTRx4uurxs,92449835
"Don Omar, Lucenzo - Danza Kuduro.mp3",BbWY-avjDto,80192903
"Kardinal Offishall, Akon - Dangerous.mp3",2cHDJepK_WM,26470712
"Jennifer Lopez, Pitbull - Dance Again.mp3",9NM0hPDWIyg,24478909
"PSY, CL - DADDY.mp3",rlQ0NdDsaw8,18498877
"Camila Cabello - Crying in the Club.mp3",N4HWTqcvMMY,48959965
"Britney Spears - Criminal.mp3",ux9-_2SN1h0,43699133
"Kesha - Crazy Kids.mp3",6BOoUdCc2Ho,3110172
"OneRepublic - Counting Stars.mp3",_GWKkqNoyEA,90607816
"Bruno Mars - Count on Me.mp3",hN5WMvtzaD8,24908992
"Echosmith - Cool Kids.mp3",m_UPqEuPPY0,30199145
"Tove Lo - Cool Girl.mp3",KCRiNgLBncE,9311
"Demi Lovato - Cool for the Summer.mp3",QLj6W87lWII,35683558
"Post Malone, Quavo - Congratulations.mp3",FFhGqNa-Waw,130980718
"Demi Lovato - Confident.mp3",bNRELOyS5Uk,21251
"Avril Lavigne - Complicated.mp3",DTtb9rt1tnk,71015407
"Justin Bieber - Company.mp3",81oCkIJko5s,18154775
"Skylar Grey - Coming Home - Part II.mp3",E8KllfRBN6U,66796
"Diddy - Dirty Money, Skylar Grey - Coming Home.mp3",WLNp0g2GBxQ,17605949
"Selena Gomez - Come & Get It.mp3",APXB7op_aRQ,13080284
"Major Lazer - Cold Water (feat. Justin Bieber & MØ).mp3",dnO17EtBMG8,12977122
"Maroon 5, Future - Cold.mp3",SHPx85_D9A8,8153338
"O.T. Genasis - CoCo.mp3",5s8thIvdh5s,20969350
"Flo Rida - Club Can't Handle Me (feat. David Guetta).mp3",xNeK2kLYY8Y,13217089
"Nick Jonas, Tove Lo - Close.mp3",IUpJIBrsBdY,24134863
"Jidenna - Classic Man (feat. Kendrick Lamar) - Remix.mp3",cXFTrkNjbaI,2395866
"Zedd, Foxes - Clarity.mp3",Lur-rvf6A1c,37649764
"Jason Derulo - Cheyenne.mp3",JIuYPZVneyg,1598484
"OMI - Cheerleader - Felix Jaehn Remix Radio Edit.mp3",alxAO7K2UGk,5004482
"Sia - Cheap Thrills.mp3",_YS2XUo9vyY,945119
"The Wanted - Chasing The Sun.mp3",iEEMMevA32k,7145548
"Sia - Chandelier.mp3",uzaYLK3k0DQ,149717108
"LMFAO, Natalia Kills - Champagne Showers.mp3",oId0lW9mnUI,1361903
"Nick Jonas - Chains.mp3",hJvezX28NZI,9762036
"Katy Perry, Skip Marley - Chained To The Rhythm.mp3",Fc8d4Mb8m1A,30831503
"Fall Out Boy - Centuries.mp3",dfk6i41GCNo,152517448
"Ed Sheeran - Castle on the Hill.mp3",wqlTrBCNRiY,55435475
"Linkin Park - CASTLE OF GLASS.mp3",x2umzqh8r4g,52936686
"fun. - Carry On.mp3",lV8fBH6S_xw,8894275
"FRENSHIP, Emily Warren - Capsize.mp3",Win3Uuzfde8,6205523
"Hailee Steinfeld, BloodPop® - Capital Letters.mp3",XUNESJzxafY,19235143
"Justin Timberlake - CAN'T STOP THE FEELING! (from DreamWorks Animation's 'TROLLS').mp3",QGeegGenTSw,32004193
"Macklemore & Ryan Lewis, Macklemore, Ryan Lewis - Can't Hold Us (feat. Ray Dalton).mp3",96L5sV7rqX0,152659150
"The Weeknd - Can't Feel My Face.mp3",ricvj03PHSU,51246943
"Carly Rae Jepsen - Call Me Maybe.mp3",HKVfpP7ZN8Y,13587763
"Katy Perry, Snoop Dogg - California Gurls.mp3",ru3tYeyIOFk,7547602
"DNCE - Cake By The Ocean.mp3",952v521WR88,602947
"Skylar Grey, Eminem - C’mon Let Me Ride.mp3",cGj18Ih_V8Y,403768
"Linkin Park - BURN IT DOWN.mp3",vIOO_7DLr3M,44331965
"Ellie Goulding - Burn.mp3",Yw-vvxnG9Y4,19098690
"Karmin - Brokenhearted.mp3",KuJKZ7qWK-A,7498131
"DRAM - Broccoli (feat. Lil Yachty).mp3",OaI2vUhjhjo,24152354
"Kelly Clarkson - Breakaway.mp3",r2QyLA5w3ps,15147635
"Taio Cruz - Break Your Heart.mp3",ddgcdagdbwI,1164486
"Charli XCX - Break the Rules.mp3",IvGcfKH6ATM,1878399
"Ariana Grande, Zedd - Break Free.mp3",1s4-OFCBUGo,43960192
"Sara Bareilles - Brave.mp3",tJYpZKU81lc,13171608
"Charli XCX - Boys.mp3",IERfs2JOO7A,4441142
"Big Time Rush - Boyfriend.mp3",K2P8WGUkxI4,2821385
"Justin Bieber - Boyfriend.mp3",mDqeNQmb4Ow,28899279
"Green Day - Boulevard of Broken Dreams.mp3",gYCTXzOTnXg,55485863
"B.o.B - Both of Us (feat. Taylor Swift).mp3",Tf3V5Q86ukM,1347452
"Lady Gaga - Born This Way.mp3",Nbxm3NysOlQ,11479307
"Charli XCX - Boom Clap.mp3",FZQS_4C4g3g,5257422
"Black Eyed Peas - Boom Boom Pow.mp3",DjR25AI7BGU,4394079
"P!nk - Blow Me (One Last Kiss).mp3",e4R2XZ4Pv04,8710534
"Kesha - Blow.mp3",fEF5fWhdhJo,27515839
"Taylor Swift - Blank Space.mp3",6hCqRb8Dtvo,19042382
"Calvin Harris - Blame (feat. John Newman).mp3",70BASPcfWVQ,72374511
"Kesha, 3OH!3 - Blah Blah Blah.mp3",1LqQ4NETlK4,6226051
"Iggy Azalea, Rita Ora - Black Widow.mp3",er6GzhLj4MA,16294601
"Rihanna - Birthday Cake.mp3",LspVGgquj4E,387540
"Katy Perry - Birthday.mp3",EpXf0kIdndU,3237281
"Travie McCoy - Billionaire (feat. Bruno Mars).mp3",VBEif1lMdZM,20151424
"Big Time Rush - Big Time Rush.mp3",zPqYVBFtBkw,7682024
"Meghan Trainor - Better When I'm Dancin'.mp3",q4sLmgUD9xs,41223744
"One Direction - Best Song Ever.mp3",JXk_rNZ3gl4,10870617
"BTS - Best Of Me.mp3",iefN_3a0Rqk,9341317
"American Authors - Best Day Of My Life.mp3",BeOa6kRA6aw,36036878
"Imagine Dragons - Believer.mp3",Kx7B-XvmFtE,442399345
"Kelly Clarkson - Behind These Hazel Eyes.mp3",J2wYJERAN3Q,7808389
"Iggy Azalea, MØ - Beg For It.mp3",Gh9vskXGeZk,917644
"Liam Payne - Bedroom Floor.mp3",B6zd9o9k2tM,1537960
"Kelly Clarkson - Because of You.mp3",49DL70klZjI,37797319
"Ariana Grande, John Legend - Beauty and the Beast.mp3",5vETwZfmRgM,16876094
"Justin Bieber, Nicki Minaj - Beauty And A Beat.mp3",aWkPBCF8rFU,45696274
"Zedd, Jon Bellion - Beautiful Now.mp3",67_ZA1zLlXA,23165891
"Ne-Yo - Beautiful Monster.mp3",UR4YRCYJzJc,3493724
"Christina Aguilera - Beautiful.mp3",f1zLSpzCh9E,7829680
"Akon, Colby O'Donis, Kardinal Offishall - Beautiful.mp3",1_2uhaug3BQ,31417009
"Boys Like Girls - Be Your Everything.mp3",uDsOC24_wh8,47857
"Lupe Fiasco - Battle Scars (with Guy Sebastian).mp3",QB_VicmP0gg,9957323
"David Guetta - Bang My Head (feat. Sia & Fetty Wap).mp3",EeR8uqWkeUc,586798
"Jessie J, Ariana Grande, Nicki Minaj - Bang Bang.mp3",b0U-NcIWz1M,73809546
"Lady Gaga - Bad Romance.mp3",QdaG6pDOz5A,6555243
"Taylor Swift - Bad Blood.mp3",4hi_Y65lI-0,5516729
"Halsey - Bad At Love.mp3",zduINsfEj_8,56954862
"Pitbull - Back in Time - featured in 'Men In Black 3'.mp3",XNLxQ2ZXy8U,2389885
"Justin Bieber, Ludacris - Baby.mp3",GqWYJT-iMTw,98122380
"Chris Brown, Tyga - Ayo.mp3",QszExcBLiWA,34589287
"Gym Class Heroes - Ass Back Home (feat. Neon Hitch).mp3",NHvdTsOiItI,3541941
"Justin Bieber, Big Sean - As Long As You Love Me.mp3",Fy29UahP_hQ,37375241
"Fences - Arrows (feat. Macklemore & Ryan Lewis).mp3",7jRyFG2iW-A,396578
"Mizz Nina - Around the World (feat. Jay Park).mp3",soNXtQwhIiE,10979
"Lady Gaga - Applause.mp3",wYx18ngL_Ss,44153998
"Timbaland, OneRepublic - Apologize.mp3",RObFa5oJAYU,12380412
"Ellie Goulding - Anything Could Happen.mp3",JHI7bkxOBEA,1603540
"Armin van Buuren, Mr. Probz - Another You.mp3",EFHV-fb4_Yk,1441592
"Tom Odell - Another Love.mp3",YRkWZO4iLYk,95484065
"Adam Lambert - Another Lonely Night.mp3",LO_EiZCDN_0,312886
"Maroon 5 - Animals.mp3",DfixI4yL0QE,98077
"Nicki Minaj - Anaconda.mp3",BmMgCd4zLM4,12087208
"Nico & Vinz - Am I Wrong.mp3",-oRQGKP4o8c,18247406
"Mariah Carey - Almost Home.mp3",vqTS_ojs_Co,246849
"Jon Bellion - All Time Low.mp3",zLKkMRtXNvg,17540446
"blink-182 - All The Small Things.mp3",5_PBNZXlzp0,46229610
"OneRepublic - All The Right Moves.mp3",a_e5Z1hY9Ro,6547347
"Smash Mouth - All Star.mp3",8ay_BkRuv-o,64888197
"The Vamps, Matoma - All Night.mp3",Js_0SBr1orI,5463954
"Cash Cash - All My Love (feat. Conor Maynard).mp3",F9mQtqNAqms,4951628
"Fifth Harmony - All In My Head (Flex) (feat. Fetty Wap).mp3",Axxagc3ACMI,11459817
"Justin Bieber, Ludacris - All Around The World.mp3",yVQ-K_hiAlk,2225063
"Meghan Trainor - All About That Bass.mp3",Fccz4gz5erM,23490165
"Krewella - Alive.mp3",q2ALH9Z3F10,5064121
"Lady Gaga - Alejandro.mp3",e6NIlIMSVdg,7253394
"B.o.B - Airplanes, Pt. II (feat. Eminem & Hayley Williams of Paramore).mp3",v_dJAI_1veM,6637776
"B.o.B - Airplanes (feat. Hayley Williams of Paramore).mp3",pfEZW-1eDl8,36322323
"Zara Larsson - Ain't My Fault.mp3",2lO9yjlQfng,46327174
"Paramore - Ain't It Fun.mp3",4c0GH34IQpw,1475453
"Charli XCX - After the Afterparty (feat. Lil Yachty).mp3",j24lTamaSLY,2231868
"Ed Sheeran - The A Team.mp3",WYABDdnBu0w,21290044
"Train - 50 Ways to Say Goodbye.mp3",uezMm49xZtE,13363794
"Big Time Rush - 24Seven.mp3",HjgbfNQu2Ag,1358714
"Bruno Mars - 24K Magic.mp3",r7-A9NqUjRI,82550693
"Taylor Swift - 22.mp3",QQXZyf0OJpI,14835363
"Green Day - 21 Guns (feat. Rebecca Naomi Jones, Christina Sajous, Mary Faber, Stark Sands, John Gallagher Jr., Michael Esper, The American Idiot Broadway Company).mp3",npIyHqHoKiE,473508
"David Guetta, Justin Bieber - 2U.mp3",EFouQtb2Yxg,4282969
"Beyoncé - Run the World (Girls).mp3",XC7eRmnfZ_A,25690388
"Robin Thicke, T.I., Pharrell Williams - Blurred Lines.mp3",yWbSdj0UaGU,11047420
"Aloe Blacc - The Man.mp3",NwANOZs-zvk,5127329
"Passenger - Let Her Go.mp3",6bGmUTAfh-A,23346377
"Lilly Wood and The Prick - Prayer in C - Robin Schulz Radio Edit.mp3",n8vmGiZ-YhU,46075
"Shakira, Rihanna - Can't Remember to Forget You.mp3",9rGUZ_kTrvI,30326017
